High,Low,Adj. Close,Adj. Open,Date
568.0,552.92,558.46,568.0,2014-03-27
566.43,558.67,559.99,561.2,2014-03-28
567.0,556.93,556.97,566.89,2014-03-31
568.45,558.71,567.16,558.71,2014-04-01
604.83,562.19,567.0,565.106,2014-04-02
587.28,564.13,569.74,569.85,2014-04-03
577.77,543.0,543.14,574.65,2014-04-04
548.48,527.15,538.15,540.74,2014-04-07
555.0,541.61,554.9,542.6,2014-04-08
565.37,552.95,564.14,559.62,2014-04-09
565.0,539.9,540.95,565.0,2014-04-10
540.0,526.53,530.6,532.55,2014-04-11
544.1,529.561,532.52,538.25,2014-04-14
538.45,518.4601,536.44,536.82,2014-04-15
557.0,540.0,556.54,543.0,2014-04-16
549.5,531.15,536.1,548.81,2014-04-17
536.7,525.6,528.62,536.1,2014-04-21
537.23,527.51,534.81,528.64,2014-04-22
533.87,526.25,526.94,533.79,2014-04-23
531.65,522.12,525.16,530.07,2014-04-24
524.7,515.42,516.18,522.51,2014-04-25
518.6,502.8,517.15,517.18,2014-04-28
529.46,516.32,527.7,516.9,2014-04-29
528.0,522.52,526.66,527.6,2014-04-30
532.93,523.88,531.35,527.11,2014-05-01
533.9999,525.61,527.93,533.76,2014-05-02
528.9,521.32,527.81,524.82,2014-05-05
526.81,515.06,515.14,525.23,2014-05-06
516.68,503.3,509.96,515.79,2014-05-07
517.23,506.45,511.0,508.46,2014-05-08
519.9,504.2,518.73,510.75,2014-05-09
530.19,519.01,529.92,523.51,2014-05-12
536.07,529.51,533.09,530.89,2014-05-13
533.0,525.29,526.65,533.0,2014-05-14
525.87,517.42,519.98,525.7,2014-05-15
521.8,515.44,520.63,521.39,2014-05-16
529.78,517.583,528.86,519.7,2014-05-19
536.23,526.3,529.77,529.74,2014-05-20
539.1828,531.91,538.94,532.9,2014-05-21
547.5999,540.78,545.06,541.13,2014-05-22
553.64,543.7,552.7,547.26,2014-05-23
566.0,554.35,565.95,556.0,2014-05-27
567.84,561.0,561.68,564.57,2014-05-28
564.0,558.71,560.08,563.35,2014-05-29
561.35,555.91,559.89,560.8,2014-05-30
560.9,545.73,553.93,560.7,2014-06-02
552.34,542.55,544.94,550.99,2014-06-03
548.61,538.75,544.66,541.5,2014-06-04
554.95,544.45,553.9,546.4,2014-06-05
558.06,548.93,556.33,558.06,2014-06-06
562.9,556.04,562.12,557.15,2014-06-09
563.6,557.9,560.55,560.51,2014-06-10
559.88,555.0201,558.84,558.0,2014-06-11
557.99,548.46,551.35,557.3,2014-06-12
552.3,545.56,551.76,552.26,2014-06-13
549.62,541.52,544.28,549.26,2014-06-16
545.32,539.33,543.01,544.2,2014-06-17
553.56,544.0,553.37,544.86,2014-06-18
555.0,548.51,554.9,554.24,2014-06-19
557.58,550.3915,556.36,556.85,2014-06-20
565.0,554.25,564.95,555.15,2014-06-23
572.646,561.01,564.62,565.19,2014-06-24
579.96,565.22,578.65,565.26,2014-06-25
582.45,571.85,576.0,581.0,2014-06-26
579.87,573.8,577.24,577.18,2014-06-27
579.57,574.75,575.28,578.66,2014-06-30
584.4,576.65,582.67,578.32,2014-07-01
585.4399,580.39,582.335,583.35,2014-07-02
585.01,580.92,584.73,583.35,2014-07-03
586.4299,579.59,582.25,583.76,2014-07-07
579.5284,566.135,571.09,577.66,2014-07-08
576.72,569.376,576.08,571.58,2014-07-09
576.59,565.01,571.1,565.91,2014-07-10
580.85,571.42,579.18,571.91,2014-07-11
585.21,578.03,584.87,582.6,2014-07-14
585.8045,576.56,584.78,585.74,2014-07-15
588.4,582.2,582.66,588.0,2014-07-16
580.99,568.61,573.7299,579.53,2014-07-17
596.8,582.0,595.08,593.0,2014-07-18
594.4,585.2326,589.47,591.75,2014-07-21
599.65,590.6,594.74,590.72,2014-07-22
597.85,592.5,595.98,593.23,2014-07-23
599.5,591.77,593.35,596.45,2014-07-24
591.86,587.03,589.02,590.4,2014-07-25
592.5,584.7533,590.6,588.07,2014-07-28
589.7,583.515,585.61,588.75,2014-07-29
589.5,584.0,587.42,586.55,2014-07-30
583.6499,570.0,571.6,580.6,2014-07-31
575.9599,562.85,566.07,570.4,2014-08-01
575.35,564.1,573.15,569.04,2014-08-04
571.98,562.61,565.07,570.05,2014-08-05
570.7,560.0,566.374,561.78,2014-08-06
569.89,561.1,563.36,568.0,2014-08-07
570.25,560.35,568.77,563.56,2014-08-08
570.49,566.0,567.88,569.99,2014-08-11
565.9,560.88,562.73,564.52,2014-08-12
575.0,565.75,574.78,567.31,2014-08-13
577.9,570.88,574.65,576.18,2014-08-14
579.38,570.52,573.48,577.86,2014-08-15
584.51,576.0,582.16,576.11,2014-08-18
587.34,584.0,586.86,585.0,2014-08-19
586.7,582.57,584.49,585.88,2014-08-20
584.5,581.14,583.37,583.82,2014-08-21
585.236,580.64,582.56,583.59,2014-08-22
585.0,579.0,580.2,584.72,2014-08-25
581.8,576.58,577.86,581.26,2014-08-26
578.49,570.103,571.0,577.27,2014-08-27
573.25,567.1,569.2,569.56,2014-08-28
572.04,567.0692,571.6,571.33,2014-08-29
577.83,571.19,577.33,571.85,2014-09-02
582.99,575.0,577.94,580.0,2014-09-03
586.0,579.22,581.98,580.0,2014-09-04
586.55,581.95,586.08,583.98,2014-09-05
591.77,586.3,589.72,586.6,2014-09-08
589.0,580.0,581.01,588.9,2014-09-09
583.5,576.94,583.1,581.5,2014-09-10
581.81,576.26,581.35,580.36,2014-09-11
581.64,574.46,575.62,581.0,2014-09-12
574.95,568.21,573.1,572.94,2014-09-15
581.5,572.66,579.95,572.76,2014-09-16
587.5199,578.775,584.77,580.01,2014-09-17
589.54,585.0,589.27,587.0,2014-09-18
596.48,589.5,596.08,591.5,2014-09-19
593.949,583.46,587.37,593.82,2014-09-22
586.85,581.0,581.13,586.85,2014-09-23
589.63,580.52,587.99,581.46,2014-09-24
587.98,574.18,575.06,587.55,2014-09-25
579.25,574.66,577.1,576.06,2014-09-26
578.19,571.17,576.36,571.75,2014-09-29
579.85,572.85,577.36,576.93,2014-09-30
577.5799,567.01,568.27,576.01,2014-10-01
571.91,563.32,570.08,567.31,2014-10-02
577.225,572.5,575.28,573.05,2014-10-03
581.0,574.44,577.35,578.8,2014-10-06
575.27,563.74,563.74,574.4,2014-10-07
573.88,557.49,572.5,565.57,2014-10-08
571.49,559.06,560.88,571.18,2014-10-09
565.1299,544.05,544.49,557.72,2014-10-10
549.5,533.1,533.21,544.99,2014-10-13
547.19,533.1695,537.94,538.9,2014-10-14
532.8,518.3,530.03,531.01,2014-10-15
529.43,515.0,524.51,519.0,2014-10-16
530.98,508.53,511.17,527.25,2014-10-17
521.76,508.1,520.84,509.45,2014-10-20
526.79,519.11,526.54,525.19,2014-10-21
539.8,528.8,532.71,529.89,2014-10-22
547.22,535.85,543.98,539.32,2014-10-23
544.88,535.79,539.78,544.36,2014-10-24
544.41,537.03,540.77,537.03,2014-10-27
548.98,541.62,548.9,543.0,2014-10-28
554.19,546.98,549.33,550.0,2014-10-29
552.8,543.51,550.31,548.95,2014-10-30
559.57,554.75,559.08,559.35,2014-10-31
557.9,553.23,555.22,555.5,2014-11-03
555.5,549.3,554.11,553.0,2014-11-04
556.8,544.05,545.92,556.8,2014-11-05
546.885,540.97,542.04,545.5,2014-11-06
546.21,538.67,541.01,546.21,2014-11-07
549.59,541.02,547.49,541.46,2014-11-10
551.9399,546.3,550.29,548.49,2014-11-11
550.46,545.17,547.31,550.39,2014-11-12
549.8,543.48,545.38,549.8,2014-11-13
546.68,542.15,544.4,546.68,2014-11-14
543.79,534.061,536.51,543.58,2014-11-17
541.94,534.17,535.03,537.5,2014-11-18
538.24,530.08,536.99,535.0,2014-11-19
535.11,531.08,534.83,531.25,2014-11-20
542.14,536.56,537.5,541.61,2014-11-21
542.7,535.62,539.27,537.65,2014-11-24
543.98,538.602,541.08,539.0,2014-11-25
541.55,537.042,540.37,540.88,2014-11-26
542.0,536.6,541.83,540.62,2014-11-28
541.41,531.86,533.8,538.9,2014-12-01
535.5,529.8,533.75,533.51,2014-12-02
535.996,529.26,531.32,531.44,2014-12-03
537.34,528.59,537.31,531.16,2014-12-04
532.89,524.28,525.26,531.0,2014-12-05
531.0,523.79,526.98,527.13,2014-12-08
534.19,520.5,533.37,522.14,2014-12-09
536.33,525.56,526.06,533.08,2014-12-10
533.92,527.1,528.34,527.8,2014-12-11
528.5,518.66,518.66,523.51,2014-12-12
523.1,513.27,513.8,522.74,2014-12-15
513.05,489.0,495.39,511.56,2014-12-16
507.0,496.81,504.89,497.0,2014-12-17
513.87,504.7,511.1,512.95,2014-12-18
517.72,506.9106,516.35,511.51,2014-12-19
526.46,516.08,524.87,516.08,2014-12-22
534.56,526.29,530.59,527.0,2014-12-23
531.759,527.02,528.77,530.51,2014-12-24
534.25,527.31,534.03,528.77,2014-12-26
535.48,530.011,530.33,532.19,2014-12-29
531.15,527.13,530.42,528.09,2014-12-30
532.6,525.8,526.4,531.25,2014-12-31
531.27,524.1,524.81,529.01,2015-01-02
524.33,513.06,513.87,523.26,2015-01-05
516.175,501.05,501.96,515.0,2015-01-06
507.244,499.65,501.1,507.0,2015-01-07
503.48,491.0,502.68,497.99,2015-01-08
504.92,494.79,496.17,504.76,2015-01-09
495.976,487.56,492.55,494.94,2015-01-12
502.98,492.39,496.18,498.84,2015-01-13
503.23,493.0,500.87,494.65,2015-01-14
505.68,497.76,501.79,505.57,2015-01-15
508.19,500.0,508.08,500.01,2015-01-16
512.5,506.016,506.9,511.0,2015-01-20
519.28,506.2,518.04,507.25,2015-01-21
536.33,519.7,534.39,521.48,2015-01-22
542.17,533.0,539.95,535.59,2015-01-23
539.0,529.67,535.21,538.53,2015-01-26
530.7,518.19,518.63,529.97,2015-01-27
522.99,510.0,510.0,522.78,2015-01-28
511.09,501.2,510.66,511.0,2015-01-29
539.87,515.52,534.52,515.86,2015-01-30
533.0,518.55,528.48,531.73,2015-02-02
533.4,523.26,529.24,528.0,2015-02-03
532.6715,521.27,522.76,529.24,2015-02-04
528.5,522.09,527.58,523.79,2015-02-05
537.2,526.41,531.0,527.64,2015-02-06
532.0,526.02,527.83,528.0,2015-02-09
537.7,526.92,536.94,529.3,2015-02-10
538.45,533.3775,535.97,535.3,2015-02-11
544.82,534.673,542.93,537.25,2015-02-12
549.91,543.13,549.01,543.35,2015-02-13
550.0,541.09,542.84,546.83,2015-02-17
545.49,537.51,539.7,541.4,2015-02-18
543.11,538.01,542.87,538.04,2015-02-19
543.75,535.8,538.95,543.13,2015-02-20
536.439,529.41,531.91,536.05,2015-02-23
536.79,528.25,536.09,530.0,2015-02-24
546.22,535.445,543.87,535.9,2015-02-25
556.14,541.5,555.48,543.21,2015-02-26
564.71,552.9,558.4,554.24,2015-02-27
572.15,558.75,571.34,560.53,2015-03-02
575.39,566.52,573.64,570.45,2015-03-03
577.11,568.01,573.37,571.87,2015-03-04
577.91,573.41,575.33,575.02,2015-03-05
576.6799,566.76,567.685,574.88,2015-03-06
570.27,563.535,568.85,566.86,2015-03-09
564.85,554.73,555.01,564.25,2015-03-10
558.14,550.68,551.18,555.14,2015-03-11
556.37,550.46,555.51,553.51,2015-03-12
558.4,544.22,547.32,553.5,2015-03-13
556.85,546.0,554.51,550.95,2015-03-16
553.8,548.0,550.84,551.71,2015-03-17
559.78,547.0001,559.5,552.5,2015-03-18
560.8,556.145,557.99,559.39,2015-03-19
561.72,559.05,560.36,561.65,2015-03-20
562.36,555.83,558.81,560.43,2015-03-23
574.59,561.21,570.19,562.56,2015-03-24
572.26,558.74,558.785,570.5,2015-03-25
558.9,550.65,555.17,557.59,2015-03-26
555.28,548.13,548.34,553.0,2015-03-27
553.47,548.17,552.03,551.62,2015-03-30
554.71,546.72,548.0,550.0,2015-03-31
551.14,539.5,542.56,548.6,2015-04-01
540.85,533.8467,535.53,540.85,2015-04-02
538.41,529.57,536.765,532.22,2015-04-06
542.69,536.0,537.02,538.08,2015-04-07
543.85,538.38,541.61,538.38,2015-04-08
541.95,535.49,540.78,541.03,2015-04-09
542.29,537.31,540.01,542.29,2015-04-10
544.06,537.31,539.17,538.41,2015-04-13
537.5699,528.0925,530.39,536.25,2015-04-14
534.73,523.22,532.53,528.7,2015-04-15
535.59,529.61,533.8,529.9,2015-04-16
529.84,521.01,524.05,528.66,2015-04-17
536.09,524.5,535.38,525.6,2015-04-20
539.39,533.675,533.97,537.51,2015-04-21
541.08,531.75,539.365,534.4,2015-04-22
550.96,540.23,547.0,541.0,2015-04-23
571.14,557.25,565.06,566.1,2015-04-24
565.95,553.2001,555.37,563.39,2015-04-27
556.02,550.366,553.68,554.64,2015-04-28
553.68,546.905,549.08,550.47,2015-04-29
548.59,535.05,537.34,547.87,2015-04-30
539.54,532.1,537.9,538.43,2015-05-01
544.07,535.06,540.78,538.53,2015-05-04
539.74,530.3906,530.8,538.21,2015-05-05
532.38,521.085,524.22,531.24,2015-05-06
533.46,521.75,530.7,523.99,2015-05-07
541.15,536.0,538.22,536.65,2015-05-08
541.98,535.4,535.7,538.37,2015-05-11
533.2089,525.26,529.04,531.6,2015-05-12
534.3215,528.655,529.62,530.56,2015-05-13
539.0,532.41,538.4,533.77,2015-05-14
539.2743,530.38,533.85,539.18,2015-05-15
534.82,528.85,532.3,532.01,2015-05-18
540.66,533.04,537.36,533.98,2015-05-19
542.92,532.972,539.27,538.49,2015-05-20
543.8399,535.98,542.51,537.95,2015-05-21
544.19,539.51,540.11,540.15,2015-05-22
539.0,529.88,532.32,538.12,2015-05-26
540.55,531.71,539.79,532.8,2015-05-27
540.61,536.25,539.78,538.01,2015-05-28
538.63,531.45,532.11,537.37,2015-05-29
536.79,529.76,533.99,536.79,2015-06-01
543.0,531.33,539.18,532.93,2015-06-02
543.5,537.11,540.31,539.91,2015-06-03
540.59,534.32,536.7,537.76,2015-06-04
537.2,532.52,533.33,536.35,2015-06-05
534.12,526.24,526.83,533.31,2015-06-08
529.2,523.01,526.69,527.56,2015-06-09
538.36,529.35,536.69,529.36,2015-06-10
538.98,533.02,534.61,538.425,2015-06-11
533.12,530.16,532.33,531.6,2015-06-12
528.3,524.0,527.2,528.0,2015-06-15
529.6399,525.56,528.15,528.4,2015-06-16
530.98,525.1,529.26,529.37,2015-06-17
538.15,530.79,536.73,531.0,2015-06-18
538.25,533.01,536.69,537.21,2015-06-19
543.74,537.53,538.19,539.59,2015-06-22
541.499,535.25,540.48,539.64,2015-06-23
540.0,535.66,537.84,540.0,2015-06-24
540.9,535.23,535.23,538.87,2015-06-25
537.76,531.35,531.69,537.26,2015-06-26
528.61,520.54,521.52,525.01,2015-06-29
526.25,520.5,520.51,526.02,2015-06-30
525.69,518.2305,521.84,524.73,2015-07-01
524.65,521.08,523.4,521.08,2015-07-02
525.25,519.0,522.86,519.5,2015-07-06
526.18,515.18,525.02,523.13,2015-07-07
522.734,516.11,516.83,521.05,2015-07-08
523.77,520.35,520.68,523.12,2015-07-09
532.56,525.55,530.13,526.29,2015-07-10
547.11,532.4001,546.55,532.88,2015-07-13
565.8487,546.71,561.1,546.76,2015-07-14
566.5029,556.79,560.22,560.13,2015-07-15
580.68,565.0,579.85,565.12,2015-07-16
674.468,645.0,672.93,649.0,2015-07-17
668.88,653.01,663.02,659.24,2015-07-20
673.0,654.3,662.3,655.21,2015-07-21
678.64,659.0,662.1,660.89,2015-07-22
663.63,641.0,644.28,661.27,2015-07-23
648.17,622.52,623.56,647.0,2015-07-24
634.3,620.5,627.26,621.0,2015-07-27
632.83,623.31,628.0,632.83,2015-07-28
633.36,622.65,631.93,628.8,2015-07-29
635.22,622.05,632.59,630.0,2015-07-30
632.91,625.5,625.61,631.38,2015-07-31
633.0556,625.34,631.21,625.34,2015-08-03
634.81,627.16,629.25,628.42,2015-08-04
647.86,633.16,643.78,634.33,2015-08-05
645.379,632.25,642.68,645.0,2015-08-06
642.68,629.71,635.3,640.23,2015-08-07
643.44,631.249,633.73,639.48,2015-08-10
674.9,654.27,660.78,669.2,2015-08-11
665.0,652.29,659.56,663.08,2015-08-12
664.5,651.661,656.45,659.3225,2015-08-13
659.855,652.66,657.12,655.01,2015-08-14
661.38,651.24,660.87,656.8,2015-08-17
664.0,653.46,656.13,661.9,2015-08-18
667.0,654.19,660.9,656.6,2015-08-19
662.99,642.9,646.83,655.46,2015-08-20
640.05,612.33,612.48,639.78,2015-08-21
614.0,565.05,589.61,573.0,2015-08-24
617.45,581.11,582.06,614.91,2015-08-25
631.71,599.05,628.62,610.35,2015-08-26
643.59,622.0,637.61,639.4,2015-08-27
636.88,624.56,630.38,632.82,2015-08-28
635.8,617.68,618.25,627.54,2015-08-31
612.86,594.1,597.79,602.36,2015-09-01
614.34,599.71,614.34,605.68,2015-09-02
619.71,602.8213,606.25,617.0,2015-09-03
603.47,595.25,600.7,600.0,2015-09-04
616.31,604.12,614.66,612.49,2015-09-08
626.52,609.6,612.72,621.22,2015-09-09
624.16,611.43,621.35,613.1,2015-09-10
625.78,617.42,625.77,619.75,2015-09-11
625.86,619.43,623.24,625.7,2015-09-14
638.7,623.78,635.14,626.7,2015-09-15
637.95,632.32,635.98,635.47,2015-09-16
650.9,635.02,642.9,637.79,2015-09-17
640.0,627.02,629.25,636.79,2015-09-18
636.49,625.94,635.44,634.4,2015-09-21
627.55,615.43,622.69,627.0,2015-09-22
628.93,620.0,622.36,622.05,2015-09-23
627.32,612.4,625.8,616.64,2015-09-24
629.77,611.0,611.97,629.77,2015-09-25
614.605,589.38,594.89,610.34,2015-09-28
605.0,590.22,594.97,597.28,2015-09-29
608.76,600.73,608.42,603.28,2015-09-30
612.09,599.85,611.29,608.37,2015-10-01
627.34,603.13,626.91,607.2,2015-10-02
643.01,627.0,641.47,632.0,2015-10-05
649.25,636.5295,645.44,638.84,2015-10-06
650.609,632.15,642.36,649.24,2015-10-07
644.45,625.56,639.16,641.36,2015-10-08
645.99,635.318,643.61,640.0,2015-10-09
648.5,639.01,646.67,642.09,2015-10-12
657.8125,643.15,652.3,643.15,2015-10-13
659.39,648.85,651.16,653.21,2015-10-14
663.13,654.46,661.74,654.66,2015-10-15
664.97,657.2,662.2,664.11,2015-10-16
666.82,659.58,666.1,661.18,2015-10-19
664.7197,644.195,650.28,664.04,2015-10-20
655.87,641.73,642.61,654.15,2015-10-21
657.8,644.01,651.79,646.7,2015-10-22
730.0,701.5,702.0,727.5,2015-10-23
719.15,701.26,712.78,701.55,2015-10-26
713.62,704.55,708.49,707.38,2015-10-27
712.98,703.08,712.95,707.33,2015-10-28
718.26,710.01,716.92,710.5,2015-10-29
718.0,710.05,710.81,715.73,2015-10-30
721.62,705.85,721.11,711.06,2015-11-02
724.65,714.72,722.16,718.86,2015-11-03
733.1,721.9,728.11,722.0,2015-11-04
739.48,729.47,731.25,729.47,2015-11-05
735.41,727.01,733.76,731.5,2015-11-06
734.71,719.43,724.89,730.2,2015-11-09
730.59,718.5001,728.32,724.4,2015-11-10
741.0,730.23,735.4,732.46,2015-11-11
737.8,728.645,731.23,731.0,2015-11-12
731.15,716.73,717.0,729.17,2015-11-13
729.49,711.33,728.96,715.6,2015-11-16
731.845,723.027,725.3,729.29,2015-11-17
741.41,727.0,740.0,727.58,2015-11-18
742.0,737.43,738.41,738.74,2015-11-19
757.92,743.0,756.6,746.53,2015-11-20
762.7075,751.82,755.98,757.45,2015-11-23
755.279,737.63,748.28,752.0,2015-11-24
752.0,746.06,748.15,748.14,2015-11-25
753.41,747.49,750.26,748.46,2015-11-27
754.93,741.27,742.6,748.81,2015-11-30
768.95,746.7,767.04,747.11,2015-12-01
775.955,758.96,762.38,768.9,2015-12-02
768.995,745.63,752.54,766.01,2015-12-03
768.49,750.0,766.81,753.1,2015-12-04
768.73,755.09,763.25,767.77,2015-12-07
764.8,754.2,762.37,757.89,2015-12-08
764.23,737.001,751.61,759.17,2015-12-09
755.85,743.83,749.46,752.85,2015-12-10
745.71,736.75,738.87,741.16,2015-12-11
748.73,724.17,747.77,741.79,2015-12-14
758.08,743.01,743.4,753.0,2015-12-15
760.59,739.435,758.09,750.0,2015-12-16
762.68,749.0,749.43,762.42,2015-12-17
754.13,738.15,739.31,746.51,2015-12-18
750.0,740.0,747.77,746.13,2015-12-21
754.85,745.53,750.0,751.65,2015-12-22
754.21,744.0,750.31,753.47,2015-12-23
751.35,746.62,748.4,749.55,2015-12-24
762.99,749.52,762.51,752.92,2015-12-28
779.98,766.43,776.6,766.69,2015-12-29
777.6,766.9,771.0,776.6,2015-12-30
769.5,758.34,758.88,769.5,2015-12-31
744.06,731.2577,741.84,743.0,2016-01-04
752.0,738.64,742.58,746.45,2016-01-05
747.18,728.92,743.62,730.0,2016-01-06
738.5,719.06,726.39,730.31,2016-01-07
733.23,713.0,714.47,731.45,2016-01-08
718.855,703.54,716.03,716.61,2016-01-11
728.75,717.3165,726.07,721.68,2016-01-12
734.74,698.61,700.56,730.85,2016-01-13
721.925,689.1,714.72,705.38,2016-01-14
706.74,685.37,694.45,692.29,2016-01-15
709.98,693.4101,701.79,703.3,2016-01-19
706.85,673.26,698.45,688.61,2016-01-20
719.19,694.46,706.59,702.18,2016-01-21
728.13,720.121,725.25,723.6,2016-01-22
729.68,710.01,711.67,723.58,2016-01-25
718.28,706.48,713.04,713.85,2016-01-26
718.235,694.39,699.99,713.67,2016-01-27
733.69,712.35,730.96,722.22,2016-01-28
744.9899,726.8,742.95,731.53,2016-01-29
757.86,743.27,752.0,750.46,2016-02-01
789.8699,764.65,764.65,784.5,2016-02-02
774.5,720.5,726.95,770.22,2016-02-03
727.0,701.86,708.01,722.81,2016-02-04
703.99,680.15,683.57,703.87,2016-02-05
684.03,663.06,682.74,667.85,2016-02-08
699.9,668.77,678.11,672.32,2016-02-09
701.31,682.13,684.12,686.86,2016-02-10
689.35,668.8675,683.11,675.0,2016-02-11
693.75,678.6,682.4,690.26,2016-02-12
698.0,685.05,691.0,692.98,2016-02-16
709.75,691.38,708.4,699.0,2016-02-17
712.35,696.03,697.35,710.0,2016-02-18
703.0805,694.05,700.91,695.03,2016-02-19
713.24,702.51,706.46,707.45,2016-02-22
708.4,693.58,695.85,701.45,2016-02-23
700.0,680.78,699.56,688.92,2016-02-24
705.98,690.585,705.75,700.01,2016-02-25
713.43,700.86,705.07,708.58,2016-02-26
710.89,697.68,697.77,700.32,2016-02-29
718.81,699.77,718.81,703.62,2016-03-01
720.0,712.0,718.85,719.0,2016-03-02
719.45,706.02,712.42,718.68,2016-03-03
716.49,706.02,710.89,714.99,2016-03-04
708.0912,686.9,695.16,706.9,2016-03-07
703.79,685.34,693.97,688.59,2016-03-08
705.68,694.0,705.24,698.47,2016-03-09
716.44,703.36,712.82,708.12,2016-03-10
726.92,717.125,726.82,720.0,2016-03-11
735.5,725.15,730.49,726.81,2016-03-14
732.29,724.77,728.33,726.92,2016-03-15
737.47,724.51,736.09,726.37,2016-03-16
743.07,736.0,737.78,736.45,2016-03-17
742.0,731.83,737.6,741.86,2016-03-18
742.5,733.5157,742.09,736.5,2016-03-21
745.0,737.46,740.75,737.46,2016-03-22
745.7199,736.15,738.06,742.36,2016-03-23
737.747,731.0,735.3,732.01,2016-03-24
738.99,732.5,733.53,736.79,2016-03-28
747.25,728.76,744.77,734.59,2016-03-29
757.88,748.74,750.53,750.1,2016-03-30
750.85,740.94,744.95,749.25,2016-03-31
750.34,737.0,749.91,738.6,2016-04-01
752.8,742.43,745.29,750.06,2016-04-04
742.8,735.37,737.8,738.0,2016-04-05
746.24,735.56,745.69,735.77,2016-04-06
746.9999,736.28,740.28,745.37,2016-04-07
745.45,735.55,739.15,743.97,2016-04-08
745.0,736.05,736.1,743.02,2016-04-11
743.83,731.01,743.09,738.0,2016-04-12
754.38,744.261,751.72,749.16,2016-04-13
757.31,752.705,753.2,754.01,2016-04-14
761.0,752.6938,759.0,753.98,2016-04-15
768.05,757.3,766.61,760.46,2016-04-18
769.9,749.33,753.93,769.51,2016-04-19
758.1315,750.01,752.67,758.0,2016-04-20
760.45,749.55,759.14,755.38,2016-04-21
736.12,713.61,718.77,726.3,2016-04-22
723.93,715.59,723.15,716.1,2016-04-25
725.766,703.0264,708.14,725.42,2016-04-26
708.98,692.3651,705.84,707.29,2016-04-27
714.17,689.55,691.02,708.26,2016-04-28
697.62,689.0,693.01,690.7,2016-04-29
700.64,691.0,698.21,697.63,2016-05-02
697.84,692.0,692.36,696.87,2016-05-03
699.75,689.01,695.7,690.49,2016-05-04
702.3199,695.72,701.43,697.7,2016-05-05
711.86,698.1067,711.12,698.38,2016-05-06
718.71,710.0,712.9,712.0,2016-05-09
723.5,715.72,723.18,716.75,2016-05-10
724.48,712.8,715.29,723.41,2016-05-11
719.25,709.0,713.31,717.06,2016-05-12
716.6619,709.26,710.83,711.93,2016-05-13
718.48,705.65,716.49,709.13,2016-05-16
721.52,704.11,706.23,715.99,2016-05-17
711.6,700.63,706.63,703.67,2016-05-18
706.0,696.8,700.32,702.36,2016-05-19
714.58,700.52,709.74,701.62,2016-05-20
711.4781,704.18,704.24,706.53,2016-05-23
720.97,706.86,720.09,706.86,2016-05-24
727.51,719.7047,725.27,720.76,2016-05-25
728.33,720.28,724.12,722.87,2016-05-26
733.936,724.0,732.66,724.01,2016-05-27
739.73,731.26,735.72,731.74,2016-05-31
737.21,730.66,734.15,734.53,2016-06-01
733.02,724.17,730.4,732.5,2016-06-02
729.49,720.56,722.34,729.27,2016-06-03
724.91,714.61,716.55,724.91,2016-06-06
721.98,716.55,716.65,719.84,2016-06-07
728.57,720.58,728.28,723.96,2016-06-08
729.54,722.3361,728.58,722.87,2016-06-09
725.89,716.43,719.41,719.47,2016-06-10
725.44,716.51,718.36,716.51,2016-06-13
722.47,713.12,718.27,716.48,2016-06-14
722.98,717.31,718.92,719.0,2016-06-15
716.65,703.26,710.36,714.91,2016-06-16
708.82,688.4515,691.72,708.65,2016-06-17
702.48,693.41,693.71,698.77,2016-06-20
702.77,692.01,695.94,698.4,2016-06-21
700.86,693.0819,697.46,699.06,2016-06-22
701.95,687.0,701.87,697.45,2016-06-23
689.4,673.45,675.22,675.17,2016-06-24
672.3,663.284,668.26,671.0,2016-06-27
680.33,673.0,680.04,678.97,2016-06-28
687.4292,681.41,684.11,683.0,2016-06-29
692.32,683.65,692.1,685.47,2016-06-30
700.65,692.1301,699.21,692.2,2016-07-01
696.94,688.88,694.49,696.06,2016-07-05
701.68,689.09,697.77,689.98,2016-07-06
698.2,688.215,695.36,698.08,2016-07-07
705.71,696.435,705.63,699.5,2016-07-08
716.51,707.24,715.09,708.05,2016-07-11
722.94,715.91,720.64,719.12,2016-07-12
724.0,716.85,716.98,723.62,2016-07-13
722.21,718.03,720.95,721.58,2016-07-14
725.74,719.055,719.85,725.73,2016-07-15
736.13,721.19,733.78,722.71,2016-07-18
736.99,729.0,736.96,729.89,2016-07-19
742.13,737.1,741.19,737.33,2016-07-20
741.69,735.831,738.63,740.36,2016-07-21
743.24,736.56,742.74,741.86,2016-07-22
742.61,737.5,739.77,740.67,2016-07-25
741.69,734.27,738.42,739.04,2016-07-26
744.46,737.0,741.77,738.28,2016-07-27
748.65,739.3,745.91,747.04,2016-07-28
778.55,766.77,768.79,772.71,2016-07-29
780.43,761.09,772.88,761.09,2016-08-01
775.84,767.85,771.07,768.69,2016-08-02
773.21,766.82,773.18,767.18,2016-08-03
774.07,768.795,771.61,772.22,2016-08-04
783.04,772.34,782.22,773.78,2016-08-05
782.63,778.091,781.76,782.0,2016-08-08
788.94,780.57,784.26,781.1,2016-08-09
786.8123,782.778,784.68,783.75,2016-08-10
789.75,782.97,784.85,785.0,2016-08-11
783.395,780.4,783.22,781.5,2016-08-12
787.49,780.11,782.44,783.75,2016-08-15
780.98,773.444,777.14,780.3,2016-08-16
780.81,773.53,779.91,777.32,2016-08-17
782.86,777.0,777.5,780.01,2016-08-18
777.1,773.13,775.42,775.0,2016-08-19
774.54,770.0502,772.15,773.27,2016-08-22
776.44,771.785,772.08,775.48,2016-08-23
774.5,767.07,769.64,770.58,2016-08-24
771.89,763.1846,769.41,767.0,2016-08-25
776.0799,765.85,769.54,769.0,2016-08-26
774.99,766.615,772.15,768.74,2016-08-29
774.466,766.84,769.09,769.33,2016-08-30
769.09,765.38,767.05,767.01,2016-08-31
771.02,764.3,768.78,769.25,2016-09-01
773.9199,768.41,771.46,773.01,2016-09-02
782.0,771.0,780.08,773.45,2016-09-06
782.73,776.2,780.35,780.0,2016-09-07
780.35,773.58,775.32,778.59,2016-09-08
773.245,759.66,759.66,770.1,2016-09-09
770.29,754.0001,769.02,755.13,2016-09-12
766.2195,755.8,759.69,764.48,2016-09-13
767.68,759.11,762.49,759.61,2016-09-14
773.8,759.96,771.76,762.89,2016-09-15
769.75,764.66,768.88,769.75,2016-09-16
774.0,764.4406,765.7,772.42,2016-09-19
773.33,768.53,771.41,769.0,2016-09-20
777.16,768.301,776.22,772.66,2016-09-21
789.85,778.44,787.21,780.0,2016-09-22
788.93,784.15,786.9,786.59,2016-09-23
782.74,773.07,774.21,782.74,2016-09-26
785.9899,774.308,783.01,775.5,2016-09-27
781.81,774.97,781.56,777.85,2016-09-28
785.8,774.232,775.01,781.44,2016-09-29
780.94,774.09,777.29,776.33,2016-09-30
776.065,769.5,772.56,774.25,2016-10-03
778.71,772.89,776.43,776.03,2016-10-04
782.07,775.65,776.47,779.31,2016-10-05
780.48,775.54,776.86,779.0,2016-10-06
779.66,770.75,775.08,779.66,2016-10-07
789.38,775.87,785.94,777.71,2016-10-10
792.28,780.58,783.07,786.66,2016-10-11
788.13,782.06,786.14,783.76,2016-10-12
781.22,773.0,778.19,781.22,2016-10-13
783.95,776.0,778.53,781.65,2016-10-14
785.85,777.5,779.96,779.8,2016-10-17
801.61,785.565,795.26,787.85,2016-10-18
804.63,797.635,801.56,798.86,2016-10-19
803.97,796.03,796.97,803.3,2016-10-20
799.5,794.0,799.37,795.0,2016-10-21
815.18,804.82,813.11,804.9,2016-10-24
816.68,805.14,807.67,816.68,2016-10-25
806.98,796.32,799.07,806.34,2016-10-26
803.49,791.5,795.35,801.0,2016-10-27
815.49,793.59,795.37,808.35,2016-10-28
796.86,784.0,784.54,795.47,2016-10-31
789.49,775.54,783.61,782.89,2016-11-01
781.65,763.4496,768.7,778.2,2016-11-02
769.95,759.03,762.13,767.25,2016-11-03
770.36,750.5611,762.02,750.66,2016-11-04
785.19,772.55,782.52,774.5,2016-11-07
795.633,780.19,790.51,783.4,2016-11-08
791.2265,771.67,785.31,779.94,2016-11-09
791.17,752.18,762.56,791.17,2016-11-10
760.78,750.38,754.02,756.54,2016-11-11
757.85,727.54,736.08,755.6,2016-11-14
764.4162,746.97,758.49,746.97,2016-11-15
766.36,750.51,764.48,755.2,2016-11-16
772.7,764.23,771.23,766.92,2016-11-17
775.0,760.0,760.54,771.37,2016-11-18
769.7,760.6,769.2,762.61,2016-11-21
776.96,767.0,768.27,772.63,2016-11-22
768.2825,755.25,760.99,767.73,2016-11-23
765.0,760.52,761.68,764.26,2016-11-25
779.53,759.8,768.24,760.0,2016-11-28
778.5,768.24,770.84,771.53,2016-11-29
772.99,754.83,758.04,770.07,2016-11-30
759.85,737.0245,747.92,757.44,2016-12-01
754.0,743.1,750.5,744.59,2016-12-02
763.9,752.9,762.52,757.71,2016-12-05
768.83,757.34,759.11,764.73,2016-12-06
771.36,755.8,771.19,761.0,2016-12-07
778.18,767.23,776.42,772.48,2016-12-08
789.43,779.021,789.29,780.0,2016-12-09
791.25,784.3554,789.27,785.04,2016-12-12
804.3799,793.34,796.1,793.9,2016-12-13
804.0,794.01,797.07,797.4,2016-12-14
803.0,792.92,797.85,797.34,2016-12-15
800.8558,790.29,790.8,800.4,2016-12-16
797.66,786.27,794.2,790.22,2016-12-19
798.65,793.27,796.42,796.76,2016-12-20
796.6757,787.1,794.56,795.84,2016-12-21
793.32,788.58,791.26,792.36,2016-12-22
792.74,787.28,789.91,790.9,2016-12-23
797.86,787.657,791.55,790.68,2016-12-27
794.23,783.2,785.05,793.7,2016-12-28
785.93,778.92,782.79,783.33,2016-12-29
782.78,770.41,771.82,782.75,2016-12-30
789.63,775.8,786.14,778.81,2017-01-03
791.34,783.16,786.9,788.36,2017-01-04
794.48,785.02,794.02,786.08,2017-01-05
807.9,792.2041,806.15,795.26,2017-01-06
809.9664,802.83,806.65,806.4,2017-01-09
809.1299,803.51,804.79,807.86,2017-01-10
808.15,801.37,807.91,805.0,2017-01-11
807.39,799.17,806.36,807.14,2017-01-12
811.2244,806.69,807.88,807.48,2017-01-13
807.14,800.37,804.61,807.08,2017-01-17
806.205,800.99,806.07,805.81,2017-01-18
809.48,801.8,802.175,805.12,2017-01-19
806.91,801.69,805.02,806.91,2017-01-20
820.87,803.74,819.31,807.25,2017-01-23
825.9,817.821,823.87,822.3,2017-01-24
835.77,825.06,835.67,829.62,2017-01-25
838.0,827.01,832.15,837.81,2017-01-26
841.95,820.44,823.31,834.71,2017-01-27
815.84,799.8,802.32,814.66,2017-01-30
801.25,790.52,796.79,796.86,2017-01-31
801.19,791.19,795.695,799.68,2017-02-01
802.7,792.0,798.53,793.8,2017-02-02
806.0,800.37,801.49,802.99,2017-02-03
801.67,795.2501,801.34,799.7,2017-02-06
810.5,801.78,806.97,803.99,2017-02-07
811.84,803.1903,808.38,807.0,2017-02-08
810.66,804.54,809.56,809.51,2017-02-09
815.25,809.78,813.67,811.7,2017-02-10
820.959,815.49,819.24,816.0,2017-02-13
823.0,816.0,820.45,819.0,2017-02-14
823.0,818.47,818.98,819.36,2017-02-15
824.4,818.98,824.16,819.93,2017-02-16
828.07,821.655,828.07,823.02,2017-02-17
833.45,828.35,831.66,828.66,2017-02-21
833.25,828.64,830.76,828.66,2017-02-22
832.46,822.88,831.33,830.12,2017-02-23
829.0,824.2,828.64,827.73,2017-02-24
830.5,824.0,829.28,824.55,2017-02-27
828.54,820.2,823.21,825.61,2017-02-28
836.255,827.26,835.24,828.85,2017-03-01
834.51,829.64,830.63,833.85,2017-03-02
831.36,825.751,829.08,830.56,2017-03-03
828.88,822.4,827.78,826.95,2017-03-06
833.41,826.52,831.91,827.4,2017-03-07
838.15,831.79,835.37,833.51,2017-03-08
842.0,834.21,838.68,836.0,2017-03-09
844.91,839.5,843.25,843.28,2017-03-10
848.685,843.25,845.54,844.0,2017-03-13
847.24,840.8,845.62,843.64,2017-03-14
848.63,840.77,847.2,847.59,2017-03-15
850.85,846.13,848.78,849.03,2017-03-16
853.4,847.11,852.12,851.61,2017-03-17
850.22,845.15,848.4,850.01,2017-03-20
853.5,829.02,830.46,851.4,2017-03-21
835.55,827.1801,829.59,831.91,2017-03-22
822.57,812.257,817.58,821.0,2017-03-23
821.93,808.89,814.43,820.08,2017-03-24
821.63,803.37,819.51,806.95,2017-03-27
825.99,814.027,820.92,820.41,2017-03-28
832.765,822.3801,831.41,825.0,2017-03-29
833.68,829.0,831.5,833.5,2017-03-30
831.64,827.39,829.56,828.97,2017-03-31
840.85,829.22,838.55,829.22,2017-04-03
835.18,829.036,834.57,831.36,2017-04-04
842.45,830.72,831.41,835.51,2017-04-05
836.39,826.46,827.88,832.4,2017-04-06
828.485,820.513,824.67,827.96,2017-04-07
829.35,823.77,824.73,825.39,2017-04-10
827.427,817.02,823.35,824.71,2017-04-11
826.66,821.02,824.32,821.93,2017-04-12
826.38,821.44,823.56,822.14,2017-04-13
837.75,824.47,837.17,825.01,2017-04-17
838.93,832.71,836.82,834.22,2017-04-18
842.22,836.29,838.21,839.79,2017-04-19
845.2,839.32,841.65,841.44,2017-04-20
843.88,840.6,843.19,842.88,2017-04-21
863.45,849.86,862.76,851.2,2017-04-24
875.0,862.81,872.3,865.0,2017-04-25
876.05,867.748,871.73,874.23,2017-04-26
875.4,870.38,874.25,873.6,2017-04-27
916.85,905.77,905.96,910.66,2017-04-28
915.68,901.45,912.57,901.94,2017-05-01
920.77,909.453,916.44,909.62,2017-05-02
928.1,912.543,927.04,914.86,2017-05-03
935.93,924.59,931.66,926.07,2017-05-04
934.9,925.2,927.13,933.54,2017-05-05
936.925,925.26,934.3,926.12,2017-05-08
937.5,929.53,932.17,936.95,2017-05-09
932.0,925.16,928.78,931.98,2017-05-10
932.53,923.03,930.6,925.32,2017-05-11
933.44,927.85,932.22,931.53,2017-05-12
938.25,929.34,937.08,932.95,2017-05-15
943.11,937.58,943.0,940.0,2017-05-16
939.333,918.14,919.62,935.67,2017-05-17
933.17,918.75,930.24,921.0,2017-05-18
937.755,931.0,934.01,931.47,2017-05-19
941.883,935.0,941.86,935.0,2017-05-22
951.467,942.575,948.82,947.92,2017-05-23
955.09,949.5,954.96,952.98,2017-05-24
972.629,955.47,969.54,957.33,2017-05-25
974.98,965.03,971.47,969.7,2017-05-26
976.2,969.49,975.88,970.31,2017-05-30
979.27,960.18,964.86,975.02,2017-05-31
971.5,960.01,966.95,968.95,2017-06-01
975.88,966.0,975.6,969.46,2017-06-02
986.91,975.1,983.68,976.55,2017-06-05
988.25,975.14,976.57,983.16,2017-06-06
983.98,975.94,980.94,980.0,2017-06-07
984.57,977.2,983.41,982.35,2017-06-08
984.5,935.63,949.83,984.5,2017-06-09
949.355,915.233,942.9,939.56,2017-06-12
959.98,944.09,953.4,951.91,2017-06-13
961.15,942.25,950.76,959.92,2017-06-14
943.339,924.44,942.31,933.97,2017-06-15
942.04,931.595,939.78,940.0,2017-06-16
959.99,949.05,957.37,949.96,2017-06-19
961.62,950.01,950.63,957.52,2017-06-20
960.1,950.76,959.45,953.64,2017-06-21
960.72,954.55,957.09,958.7,2017-06-22
966.0,954.2,965.59,956.83,2017-06-23
973.31,950.79,952.27,969.9,2017-06-26
948.29,926.85,927.33,942.46,2017-06-27
942.75,916.0,940.49,929.0,2017-06-28
931.26,910.62,917.79,929.92,2017-06-29
926.05,908.31,908.73,926.05,2017-06-30
913.94,894.79,898.7,912.18,2017-07-03
914.51,898.5,911.71,901.76,2017-07-05
914.9444,899.7,906.69,904.12,2017-07-06
921.54,908.85,918.59,908.85,2017-07-07
930.38,919.59,928.8,921.77,2017-07-10
931.43,922.0,930.09,929.54,2017-07-11
946.3,934.47,943.83,938.68,2017-07-12
954.45,943.01,947.16,946.29,2017-07-13
956.91,948.005,955.99,952.0,2017-07-14
960.74,949.241,953.42,957.0,2017-07-17
968.04,950.6,965.4,953.0,2017-07-18
973.04,964.03,970.89,967.84,2017-07-19
975.9,961.51,968.15,975.0,2017-07-20
973.23,960.15,972.92,962.25,2017-07-21
986.2,970.77,980.34,972.22,2017-07-24
959.7,945.4,950.7,953.81,2017-07-25
955.0,942.279,947.8,954.68,2017-07-26
951.78,920.0,934.09,951.78,2017-07-27
943.83,927.5,941.53,929.4,2017-07-28
943.59,926.04,930.5,941.89,2017-07-31
937.447,929.26,930.83,932.38,2017-08-01
932.6,916.68,930.39,928.61,2017-08-02
932.24,922.24,923.65,930.34,2017-08-03
930.307,923.03,927.96,926.75,2017-08-04
931.7,926.5,929.36,929.06,2017-08-07
935.814,925.61,926.79,927.09,2017-08-08
925.98,917.25,922.9,920.61,2017-08-09
919.26,906.13,907.24,917.55,2017-08-10
917.78,905.58,914.39,907.97,2017-08-11
924.668,918.19,922.67,922.53,2017-08-14
926.55,919.82,922.22,924.23,2017-08-15
932.7,923.445,926.96,925.29,2017-08-16
926.86,910.98,910.98,925.78,2017-08-17
915.275,907.154,910.67,910.31,2017-08-18
913.0,903.4,906.66,910.0,2017-08-21
925.86,911.475,924.69,912.72,2017-08-22
929.93,919.36,927.0,921.93,2017-08-23
930.84,915.5,921.28,928.66,2017-08-24
925.555,915.5,915.89,923.49,2017-08-25
919.245,911.87,913.81,916.0,2017-08-28
923.33,905.0,921.29,905.1,2017-08-29
930.819,919.65,929.57,920.05,2017-08-30
941.98,931.76,939.33,931.76,2017-08-31
942.48,935.15,937.34,941.13,2017-09-01
937.0,921.96,928.45,933.08,2017-09-05
930.915,919.27,927.81,930.15,2017-09-06
936.41,923.62,935.95,931.73,2017-09-07
936.99,924.88,926.5,936.49,2017-09-08
938.38,926.92,929.08,934.25,2017-09-11
933.48,923.861,932.07,932.59,2017-09-12
937.25,929.86,935.09,930.66,2017-09-13
932.77,924.0,925.11,931.25,2017-09-14
926.49,916.36,920.29,924.66,2017-09-15
922.08,910.6,915.0,920.01,2017-09-18
922.42,912.55,921.81,917.42,2017-09-19
933.88,922.0,931.58,922.98,2017-09-20
936.53,923.83,932.45,933.0,2017-09-21
934.73,926.48,928.53,927.75,2017-09-22
926.4,909.7,920.97,925.45,2017-09-25
930.82,921.14,924.86,923.72,2017-09-26
949.9,927.74,944.49,927.74,2017-09-27
950.69,940.55,949.5,941.36,2017-09-28
959.786,951.51,959.11,952.0,2017-09-29
962.54,947.84,953.27,959.98,2017-10-02
958.0,949.14,957.79,954.0,2017-10-03
960.39,950.69,951.68,957.0,2017-10-04
970.91,955.18,969.96,955.49,2017-10-05
979.46,963.36,978.89,966.7,2017-10-06
985.425,976.11,977.0,980.0,2017-10-09
981.57,966.08,972.6,980.0,2017-10-10
990.71,972.25,989.25,973.72,2017-10-11
994.12,985.0,987.83,987.45,2017-10-12
997.21,989.0,989.68,992.0,2017-10-13
993.907,984.0,992.0,992.1,2017-10-16
996.44,988.59,992.18,990.29,2017-10-17
996.72,986.975,992.81,991.77,2017-10-18
988.88,978.39,984.45,986.0,2017-10-19
991.0,984.58,988.2,989.44,2017-10-20
989.52,966.12,968.45,989.52,2017-10-23
972.23,961.0,970.54,970.0,2017-10-24
976.09,960.52,973.33,968.37,2017-10-25
987.6,972.2,972.56,980.0,2017-10-26
1048.39,1008.2,1019.27,1009.19,2017-10-27
1024.97,1007.5,1017.11,1014.0,2017-10-30
1024.0,1010.42,1016.64,1015.22,2017-10-31
1029.67,1016.95,1025.5,1017.21,2017-11-01
1028.09,1013.01,1025.58,1021.76,2017-11-02
1032.65,1020.31,1032.48,1022.11,2017-11-03
1034.87,1025.0,1025.9,1028.99,2017-11-06
1033.97,1025.13,1033.33,1027.27,2017-11-07
1043.522,1028.45,1039.85,1030.52,2017-11-08
1033.99,1019.666,1031.26,1033.99,2017-11-09
1030.76,1025.28,1028.07,1026.46,2017-11-10
1031.58,1022.57,1025.75,1023.42,2017-11-13
1026.81,1014.15,1026.0,1022.59,2017-11-14
1024.09,1015.42,1020.91,1019.21,2017-11-15
1035.92,1022.52,1032.5,1022.52,2017-11-16
1034.42,1017.75,1019.09,1034.01,2017-11-17
1022.61,1017.5,1018.38,1020.26,2017-11-20
1035.11,1022.655,1034.49,1023.31,2017-11-21
1039.706,1031.43,1035.96,1035.0,2017-11-22
1043.18,1035.0,1040.61,1035.87,2017-11-24
1055.46,1038.44,1054.21,1040.0,2017-11-27
1062.38,1040.0,1047.41,1055.09,2017-11-28
1044.08,1015.65,1021.66,1042.68,2017-11-29
1028.49,1015.0,1021.41,1022.37,2017-11-30
1022.49,1002.02,1010.17,1015.8,2017-12-01
1016.1,995.57,998.68,1012.66,2017-12-04
1020.61,988.28,1005.15,995.94,2017-12-05
1024.97,1001.14,1018.38,1001.5,2017-12-06
1034.24,1018.07,1030.93,1020.43,2017-12-07
1042.05,1032.52,1037.05,1037.49,2017-12-08
1043.8,1032.05,1041.1,1035.5,2017-12-11
1050.31,1033.69,1040.48,1039.63,2017-12-12
1046.66,1038.38,1040.61,1046.12,2017-12-13
1058.5,1043.11,1049.15,1045.0,2017-12-14
1067.62,1049.5,1064.19,1054.61,2017-12-15
1078.49,1062.0,1077.14,1066.08,2017-12-18
1076.84,1063.55,1070.68,1075.2,2017-12-19
1073.38,1061.52,1064.95,1071.78,2017-12-20
1069.33,1061.79,1063.63,1064.95,2017-12-21
1064.2,1059.44,1060.12,1061.11,2017-12-22
1060.12,1050.2,1056.74,1058.07,2017-12-26
1058.37,1048.05,1049.37,1057.39,2017-12-27
1054.75,1044.77,1048.14,1051.6,2017-12-28
1049.7,1044.9,1046.4,1046.72,2017-12-29
1066.94,1045.23,1065.0,1048.34,2018-01-02
1086.29,1063.21,1082.48,1064.31,2018-01-03
1093.57,1084.0,1086.4,1088.0,2018-01-04
1104.25,1092.0,1102.23,1094.0,2018-01-05
1111.27,1101.62,1106.94,1102.23,2018-01-08
1110.57,1101.23,1106.26,1109.4,2018-01-09
1104.6,1096.11,1102.61,1097.1,2018-01-10
1106.53,1099.59,1105.52,1106.3,2018-01-11
1124.29,1101.15,1122.26,1102.41,2018-01-12
1139.91,1117.83,1121.76,1132.51,2018-01-16
1132.6,1117.01,1131.98,1126.22,2018-01-17
1132.51,1117.5,1129.79,1131.41,2018-01-18
1137.86,1128.3,1137.51,1131.83,2018-01-19
1159.88,1135.11,1155.81,1137.49,2018-01-22
1171.63,1158.75,1169.97,1159.85,2018-01-23
1179.86,1161.05,1164.24,1177.33,2018-01-24
1175.94,1162.76,1170.37,1172.53,2018-01-25
1175.84,1158.11,1175.84,1175.08,2018-01-26
1186.89,1171.98,1175.58,1176.48,2018-01-29
1176.52,1163.52,1163.69,1167.83,2018-01-30
1173.0,1159.13,1169.94,1170.57,2018-01-31
1174.0,1157.52,1167.7,1162.61,2018-02-01
1123.07,1107.28,1111.9,1122.0,2018-02-02
1110.0,1052.03,1055.8,1090.6,2018-02-05
1081.71,1023.14,1080.6,1027.18,2018-02-06
1081.78,1048.26,1048.58,1081.54,2018-02-07
1058.62,1000.66,1001.52,1055.41,2018-02-08
1043.97,992.56,1037.78,1017.25,2018-02-09
1061.5,1040.93,1051.94,1048.0,2018-02-12
1058.37,1044.09,1052.1,1045.0,2018-02-13
1071.72,1046.75,1069.7,1048.95,2018-02-14
1091.48,1064.34,1089.52,1079.07,2018-02-15
1104.67,1088.31,1094.8,1088.41,2018-02-16
1113.95,1088.52,1102.46,1090.57,2018-02-20
1133.97,1106.33,1111.34,1106.47,2018-02-21
1122.82,1102.59,1106.63,1116.19,2018-02-22
1127.28,1104.71,1126.79,1112.64,2018-02-23
1143.96,1126.69,1143.75,1127.8,2018-02-26
1144.04,1118.0,1118.29,1141.24,2018-02-27
1127.53,1103.24,1104.73,1123.03,2018-02-28
1110.12,1067.0,1069.52,1107.87,2018-03-01
1082.0,1048.12,1078.92,1053.08,2018-03-02
1097.1,1069.0,1090.93,1075.14,2018-03-05
1101.85,1089.78,1095.06,1099.22,2018-03-06
1112.22,1085.48,1109.64,1089.19,2018-03-07
1127.6,1112.8,1126.0,1115.32,2018-03-08
1160.8,1132.46,1160.04,1136.0,2018-03-09
1177.05,1157.42,1164.5,1163.85,2018-03-12
1176.76,1133.33,1138.17,1170.0,2018-03-13
1158.59,1141.44,1149.49,1145.21,2018-03-14
1161.08,1134.54,1149.58,1149.96,2018-03-15
1155.88,1131.96,1135.73,1154.14,2018-03-16
1121.99,1089.01,1099.82,1120.01,2018-03-19
1105.2,1083.46,1097.71,1099.0,2018-03-20
1106.3,1085.15,1090.88,1092.74,2018-03-21
1082.9,1045.91,1049.08,1081.88,2018-03-22
1063.36,1021.22,1021.57,1047.03,2018-03-23
1055.63,1008.4,1053.21,1046.0,2018-03-26
1064.84,996.92,1005.1,1063.0,2018-03-27
1024.23,980.64,1004.56,998.0,2018-03-28
1043.0,1002.9,1031.79,1011.63,2018-03-29
1034.8,990.37,1006.47,1022.82,2018-04-02
1020.99,994.07,1013.41,1013.91,2018-04-03
1028.72,993.0,1025.14,993.41,2018-04-04
1042.79,1020.13,1027.81,1041.33,2018-04-05
1031.42,1003.03,1007.04,1020.0,2018-04-06
1039.6,1014.08,1015.45,1016.8,2018-04-09
1036.28,1011.34,1031.64,1026.44,2018-04-10
1031.36,1015.87,1019.97,1027.99,2018-04-11
1040.69,1021.43,1032.51,1025.04,2018-04-12
1046.42,1022.98,1029.27,1040.88,2018-04-13
1043.24,1026.74,1037.98,1037.0,2018-04-16
1077.88,1048.26,1074.16,1051.37,2018-04-17
1077.43,1066.22,1072.08,1077.43,2018-04-18
1094.16,1068.18,1087.7,1069.4,2018-04-19
1092.35,1069.57,1072.96,1082.0,2018-04-20
1082.72,1060.7,1067.45,1077.86,2018-04-23
1057.0,1010.59,1019.98,1052.0,2018-04-24
1032.49,1015.31,1021.18,1025.52,2018-04-25
1047.98,1018.19,1040.04,1029.51,2018-04-26
1049.5,1025.59,1030.05,1046.0,2018-04-27
1037.0,1016.85,1017.33,1030.01,2018-04-30
1038.47,1008.21,1037.31,1013.66,2018-05-01
1040.39,1022.87,1024.38,1028.1,2018-05-02
1029.67,1006.29,1023.72,1019.0,2018-05-03
1048.51,1016.9,1048.21,1016.9,2018-05-04
1061.68,1047.1,1054.79,1049.23,2018-05-07
1060.55,1047.14,1053.91,1058.54,2018-05-08
1085.44,1056.37,1082.76,1058.1,2018-05-09
1100.44,1085.64,1097.57,1086.03,2018-05-10
1101.33,1090.91,1098.26,1093.6,2018-05-11
1110.75,1099.11,1100.2,1100.0,2018-05-14
1090.05,1073.47,1079.23,1090.0,2018-05-15
1089.27,1076.26,1081.77,1077.31,2018-05-16
1086.87,1073.5,1078.59,1079.89,2018-05-17
1069.94,1060.68,1066.36,1061.86,2018-05-18
1088.0,1073.65,1079.58,1074.06,2018-05-21
1086.59,1066.69,1069.73,1083.56,2018-05-22
1080.78,1061.71,1079.69,1065.13,2018-05-23
1080.47,1066.15,1079.24,1079.0,2018-05-24
1082.56,1073.78,1075.66,1079.02,2018-05-25
1073.37,1055.22,1060.32,1064.89,2018-05-29
1069.21,1056.83,1067.8,1063.03,2018-05-30
1097.19,1067.56,1084.99,1067.56,2018-05-31
1120.0,1098.5,1119.5,1099.35,2018-06-01
1141.89,1122.01,1139.29,1122.33,2018-06-04
1145.74,1133.19,1139.66,1140.99,2018-06-05
1143.0,1125.74,1136.88,1142.17,2018-06-06
1135.82,1116.52,1123.86,1131.32,2018-06-07
1126.67,1112.15,1120.87,1118.18,2018-06-08
1137.26,1118.6,1129.99,1118.6,2018-06-11
1139.79,1130.73,1139.32,1131.07,2018-06-12
1146.5,1133.38,1134.79,1141.12,2018-06-13
1155.47,1140.64,1152.12,1143.85,2018-06-14
1153.42,1143.48,1152.26,1148.86,2018-06-15
1174.31,1143.59,1173.46,1143.65,2018-06-18
1171.27,1154.01,1168.06,1158.5,2018-06-19
1186.29,1169.16,1169.84,1175.31,2018-06-20
1177.3,1152.23,1157.66,1174.85,2018-06-21
1162.5,1147.26,1155.48,1159.14,2018-06-22
1143.91,1112.78,1124.81,1143.6,2018-06-25
1133.21,1116.66,1118.46,1128.0,2018-06-26
1131.84,1103.62,1103.98,1121.34,2018-06-27
1122.31,1096.01,1114.22,1102.09,2018-06-28
1128.23,1115.0,1115.65,1120.0,2018-06-29
1128.0,1093.8,1127.46,1099.0,2018-07-02
1135.82,1100.02,1102.89,1135.82,2018-07-03
1127.5,1108.48,1124.27,1110.53,2018-07-05
1140.93,1120.74,1140.17,1123.58,2018-07-06
1154.67,1143.42,1154.05,1148.48,2018-07-09
1159.59,1149.59,1152.84,1156.98,2018-07-10
1164.29,1141.0,1153.9,1144.59,2018-07-11
1184.41,1155.93,1183.48,1159.89,2018-07-12
1195.42,1180.0,1188.82,1185.0,2018-07-13
1191.0,1179.28,1183.86,1189.39,2018-07-16
1203.04,1170.6,1198.8,1172.22,2018-07-17
1204.5,1190.34,1195.88,1196.56,2018-07-18
1200.0,1183.32,1186.96,1191.0,2018-07-19
1196.86,1184.22,1184.91,1186.96,2018-07-20
1206.49,1181.0,1205.5,1181.01,2018-07-23
1266.0,1235.56,1248.08,1262.59,2018-07-24
1265.86,1239.13,1263.7,1239.13,2018-07-25
1269.77,1249.02,1268.33,1251.0,2018-07-26
1273.89,1231.0,1238.5,1271.0,2018-07-27
1234.92,1211.47,1219.74,1228.01,2018-07-30
1227.59,1205.6,1217.26,1220.01,2018-07-31
1233.47,1210.21,1220.01,1228.0,2018-08-01
1229.88,1204.79,1226.15,1205.9,2018-08-02
1230.0,1215.06,1223.71,1229.62,2018-08-03
1226.09,1215.8,1224.77,1225.0,2018-08-06
1251.17,1236.17,1242.22,1237.0,2018-08-07
1256.5,1238.01,1245.61,1240.47,2018-08-08
1255.54,1246.01,1249.1,1249.9,2018-08-09
1245.69,1232.0,1237.61,1243.0,2018-08-10
1249.27,1233.64,1235.01,1236.98,2018-08-13
1245.87,1225.11,1242.1,1235.19,2018-08-14
1235.24,1209.51,1214.38,1229.26,2018-08-15
1226.0,1202.55,1206.49,1224.73,2018-08-16
1209.02,1188.24,1200.96,1202.03,2018-08-17
1211.0,1194.63,1207.77,1205.02,2018-08-20
1217.26,1200.35,1201.62,1208.0,2018-08-21
1211.84,1199.0,1207.33,1200.0,2018-08-22
1221.28,1204.24,1205.38,1207.14,2018-08-23
1221.65,1206.36,1220.65,1208.82,2018-08-24
1243.09,1225.72,1241.82,1227.6,2018-08-27
1242.55,1228.69,1231.15,1241.29,2018-08-28
1250.66,1236.36,1249.3,1237.45,2018-08-29
1253.63,1232.59,1239.12,1244.23,2018-08-30
1238.66,1211.29,1218.19,1234.98,2018-08-31
1212.99,1192.5,1197.0,1204.27,2018-09-04
1199.01,1162.0,1186.48,1193.8,2018-09-05
1186.3,1152.0,1171.44,1186.3,2018-09-06
1175.26,1157.21,1164.83,1158.67,2018-09-07
1174.54,1160.11,1164.64,1172.19,2018-09-10
1178.68,1156.24,1177.36,1161.63,2018-09-11
1178.61,1158.36,1162.82,1172.72,2018-09-12
1178.61,1162.85,1175.33,1170.74,2018-09-13
1180.42,1168.33,1172.53,1179.1,2018-09-14
1177.24,1154.03,1156.05,1170.14,2018-09-17
1176.08,1157.09,1161.22,1157.09,2018-09-18
1173.21,1154.58,1171.09,1164.98,2018-09-19
1189.89,1173.36,1186.87,1179.99,2018-09-20
1192.21,1166.04,1166.09,1192.0,2018-09-21
1178.0,1146.91,1173.37,1157.17,2018-09-24
1186.88,1168.0,1184.65,1176.15,2018-09-25
1194.23,1174.77,1180.49,1185.15,2018-09-26
1202.1,1183.63,1194.64,1186.73,2018-09-27
1195.41,1184.5,1193.47,1191.87,2018-09-28
1209.9,1190.3,1195.31,1199.89,2018-10-01
1209.96,1186.63,1200.11,1190.96,2018-10-02
1206.41,1193.83,1202.95,1205.0,2018-10-03
1197.51,1155.58,1168.19,1195.33,2018-10-04
1173.5,1145.12,1157.35,1167.5,2018-10-05
1168.0,1127.36,1148.97,1150.11,2018-10-08
1154.35,1137.57,1138.82,1146.15,2018-10-09
1132.17,1081.13,1081.22,1131.08,2018-10-10
1106.4,1068.27,1079.32,1072.94,2018-10-11
1115.0,1086.4,1110.08,1108.0,2018-10-12
1113.45,1089.0,1092.25,1108.91,2018-10-15
1124.22,1102.5,1121.28,1104.59,2018-10-16
1128.99,1102.19,1115.69,1126.46,2018-10-17
1121.84,1077.09,1087.97,1121.84,2018-10-18
1110.36,1087.75,1096.46,1093.37,2018-10-19
1112.23,1091.0,1101.16,1103.06,2018-10-22
1107.89,1070.0,1103.69,1080.89,2018-10-23
1106.12,1048.74,1050.71,1104.25,2018-10-24
1110.98,1069.55,1095.57,1071.79,2018-10-25
1106.53,1034.09,1071.47,1037.03,2018-10-26
1097.04,995.83,1020.08,1082.47,2018-10-29
1037.49,1000.75,1036.21,1008.46,2018-10-30
1091.94,1057.0,1076.77,1059.81,2018-10-31
1083.97,1062.46,1070.0,1075.8,2018-11-01
1082.97,1054.61,1057.79,1073.73,2018-11-02
1058.47,1021.24,1040.09,1055.0,2018-11-05
1064.35,1038.07,1055.81,1039.48,2018-11-06
1095.46,1065.9,1093.39,1069.0,2018-11-07
1093.27,1072.2,1082.4,1091.38,2018-11-08
1075.56,1053.11,1066.15,1073.99,2018-11-09
1062.12,1031.0,1038.63,1061.39,2018-11-12
1056.61,1031.15,1036.05,1043.29,2018-11-13
1054.56,1031.0,1043.66,1050.0,2018-11-14
1071.85,1031.78,1064.71,1044.71,2018-11-15
1067.0,1048.98,1061.49,1059.41,2018-11-16
1060.79,1016.26,1020.0,1057.2,2018-11-19
1031.74,996.02,1025.76,1000.0,2018-11-20
1048.56,1033.47,1037.61,1036.76,2018-11-21
1037.59,1022.4,1023.88,1030.0,2018-11-23
1049.31,1033.91,1048.62,1038.35,2018-11-26
1057.58,1038.49,1044.41,1041.0,2018-11-27
1086.84,1035.76,1086.23,1048.76,2018-11-28
1094.24,1076.0,1088.3,1076.08,2018-11-29
1095.57,1077.88,1094.43,1089.07,2018-11-30
1124.65,1103.66,1106.43,1123.14,2018-12-03
1104.42,1049.98,1050.82,1103.12,2018-12-04
1071.2,1030.77,1068.73,1034.26,2018-12-06
1075.26,1028.5,1036.58,1060.01,2018-12-07
1048.45,1023.29,1039.55,1035.05,2018-12-10
1060.6,1039.84,1051.75,1056.49,2018-12-11
1081.65,1062.79,1063.68,1068.0,2018-12-12
1079.76,1053.93,1061.9,1068.07,2018-12-13
1062.6,1040.79,1042.1,1049.98,2018-12-14
1053.15,1007.9,1016.53,1037.51,2018-12-17
1049.48,1021.44,1028.71,1026.09,2018-12-18
1062.0,1008.05,1023.01,1033.99,2018-12-19
1034.22,996.36,1009.41,1018.13,2018-12-20
1024.02,973.69,979.54,1015.3,2018-12-21
1003.54,970.11,976.22,973.9,2018-12-24
1040.0,983.0,1039.46,989.01,2018-12-26
1043.89,997.0,1043.88,1017.15,2018-12-27
1055.56,1033.1,1037.08,1049.62,2018-12-28
1052.7,1023.59,1035.61,1050.96,2018-12-31
1052.32,1015.71,1045.85,1016.57,2019-01-02
1056.98,1014.07,1016.06,1041.0,2019-01-03
1070.84,1027.42,1070.71,1032.59,2019-01-04
1074.0,1054.76,1068.39,1071.5,2019-01-07
1084.56,1060.53,1076.28,1076.11,2019-01-08
1082.63,1066.4,1074.66,1081.65,2019-01-09
1071.15,1057.71,1070.33,1067.66,2019-01-10
1063.78,1048.48,1057.19,1063.18,2019-01-11
1051.53,1041.26,1044.69,1046.92,2019-01-14
1080.05,1047.34,1077.15,1050.17,2019-01-15
1092.38,1079.34,1080.97,1080.0,2019-01-16
1091.8,1073.5,1089.9,1079.47,2019-01-17
1108.35,1090.9,1098.26,1100.0,2019-01-18
1091.51,1063.47,1070.52,1088.0,2019-01-22
1084.93,1059.75,1075.57,1077.35,2019-01-23
1079.47,1060.7,1073.9,1076.48,2019-01-24
1094.0,1081.82,1090.99,1085.0,2019-01-25
1083.0,1063.8,1070.08,1080.11,2019-01-28
1075.15,1055.86,1060.62,1072.68,2019-01-29
1091.0,1066.85,1089.06,1068.43,2019-01-30
1117.33,1095.41,1116.37,1103.0,2019-01-31
1125.0,1104.89,1110.75,1112.4,2019-02-01
1132.8,1109.02,1132.8,1112.66,2019-02-04
1146.85,1117.25,1145.99,1124.84,2019-02-05
1147.0,1112.77,1115.23,1139.57,2019-02-06
1104.84,1086.0,1098.71,1104.16,2019-02-07
1098.91,1086.55,1095.06,1087.0,2019-02-08
1105.94,1092.86,1095.01,1096.95,2019-02-11
1125.3,1105.85,1121.37,1106.8,2019-02-12
1134.73,1118.5,1120.16,1124.99,2019-02-13
1128.23,1110.44,1121.67,1118.05,2019-02-14
1131.67,1110.65,1113.65,1130.08,2019-02-15
1121.89,1110.0,1118.56,1110.0,2019-02-19
1123.41,1105.28,1113.8,1119.99,2019-02-20
1111.94,1092.52,1096.97,1110.84,2019-02-21
1111.24,1095.6,1110.37,1100.9,2019-02-22
1118.54,1107.27,1109.4,1116.0,2019-02-25
1119.51,1099.92,1115.13,1105.75,2019-02-26
1117.98,1101.0,1116.05,1106.95,2019-02-27
1127.65,1111.01,1119.92,1111.3,2019-02-28
1142.97,1124.75,1140.99,1124.9,2019-03-01
1158.28,1130.69,1147.8,1146.99,2019-03-04
1169.61,1146.19,1162.03,1150.06,2019-03-05
1167.57,1155.49,1157.86,1162.49,2019-03-06
1156.76,1134.91,1143.3,1155.72,2019-03-07
1147.08,1123.3,1142.32,1126.73,2019-03-08
1176.19,1144.45,1175.76,1144.45,2019-03-11
1200.0,1178.26,1193.2,1178.26,2019-03-12
1200.93,1191.94,1193.32,1200.64,2019-03-13
1197.88,1184.48,1185.55,1194.51,2019-03-14
1196.57,1182.61,1184.46,1193.38,2019-03-15
1190.0,1177.42,1184.26,1183.3,2019-03-18
1200.0,1185.87,1198.85,1188.81,2019-03-19
1227.14,1196.17,1223.97,1197.35,2019-03-20
1231.79,1213.15,1231.54,1216.0,2019-03-21
1230.0,1202.83,1205.5,1226.32,2019-03-22
1206.4,1187.04,1193.0,1196.93,2019-03-25
1202.83,1176.72,1184.62,1198.53,2019-03-26
1187.56,1159.37,1173.02,1185.5,2019-03-27
1171.57,1159.43,1168.49,1171.54,2019-03-28
1178.99,1162.88,1173.31,1174.9,2019-03-29
1196.66,1182.0,1194.43,1184.1,2019-04-01
1201.35,1185.71,1200.49,1195.32,2019-04-02
1216.3,1200.5,1205.92,1207.48,2019-04-03
1215.67,1204.13,1215.0,1205.94,2019-04-04
1216.22,1205.03,1207.15,1214.99,2019-04-05
1208.69,1199.86,1203.84,1207.89,2019-04-08
1202.29,1193.08,1197.25,1196.0,2019-04-09
1203.79,1196.43,1202.16,1200.68,2019-04-10
1207.96,1200.13,1204.62,1203.96,2019-04-11
1218.35,1208.11,1217.87,1210.0,2019-04-12
1224.2,1209.11,1221.1,1218.0,2019-04-15
1230.82,1220.12,1227.13,1225.0,2019-04-16
1240.56,1227.82,1236.34,1233.0,2019-04-17
1242.0,1234.61,1236.37,1239.18,2019-04-18
1249.09,1228.31,1248.84,1235.99,2019-04-22
1269.0,1246.38,1264.55,1250.69,2019-04-23
1268.01,1255.0,1256.0,1264.12,2019-04-24
1267.41,1252.03,1263.45,1264.77,2019-04-25
1273.07,1260.32,1272.18,1269.0,2019-04-26
1289.27,1266.29,1287.58,1274.0,2019-04-29
1192.81,1175.0,1188.48,1185.0,2019-04-30
1188.05,1167.18,1168.08,1188.05,2019-05-01
1174.19,1155.0,1162.61,1167.76,2019-05-02
1186.8,1169.0,1185.4,1173.65,2019-05-03
1190.85,1166.26,1189.39,1166.26,2019-05-06
1190.44,1161.04,1174.1,1180.47,2019-05-07
1180.42,1165.74,1166.27,1172.01,2019-05-08
1169.66,1150.85,1162.38,1159.03,2019-05-09
1172.6,1142.5,1164.27,1163.59,2019-05-10
1147.94,1122.11,1132.03,1141.96,2019-05-13
1140.42,1119.55,1120.44,1137.21,2019-05-14
1171.33,1116.67,1164.21,1117.87,2019-05-15
1188.16,1162.84,1178.98,1164.51,2019-05-16
1180.15,1160.01,1162.3,1168.47,2019-05-17
1146.8,1131.44,1138.85,1144.5,2019-05-20
1152.71,1137.94,1149.63,1148.49,2019-05-21
1158.52,1145.89,1151.42,1146.75,2019-05-22
1145.97,1129.22,1140.77,1140.5,2019-05-23
1149.77,1131.66,1133.47,1147.36,2019-05-24
1151.59,1133.12,1134.15,1134.0,2019-05-28
1129.1,1108.22,1116.46,1127.52,2019-05-29
1123.13,1112.12,1117.95,1115.54,2019-05-30
1109.6,1100.18,1103.63,1101.29,2019-05-31
1065.5,1025.0,1036.23,1065.5,2019-06-03
1056.05,1033.69,1053.05,1042.9,2019-06-04
1053.55,1030.49,1042.22,1051.54,2019-06-05
1047.49,1033.7,1044.34,1044.99,2019-06-06
1070.92,1048.4,1066.04,1050.63,2019-06-07
1092.66,1072.32,1080.38,1072.98,2019-06-10
1101.99,1077.6,1078.72,1093.98,2019-06-11
1080.93,1067.54,1077.03,1078.0,2019-06-12
1094.17,1080.15,1088.77,1083.64,2019-06-13
1092.69,1080.17,1085.35,1086.42,2019-06-14
1099.18,1086.28,1092.5,1086.28,2019-06-17
1116.39,1098.99,1103.6,1109.69,2019-06-18
1107.0,1093.48,1102.33,1105.6,2019-06-19
1120.12,1104.74,1111.42,1119.99,2019-06-20
1124.11,1108.08,1121.88,1109.24,2019-06-21
1122.0,1111.01,1115.52,1119.61,2019-06-24
1114.35,1083.8,1086.35,1112.66,2019-06-25
1092.97,1072.24,1079.8,1086.5,2019-06-26
1087.1,1075.29,1076.01,1084.0,2019-06-27
1081.0,1073.37,1080.91,1076.39,2019-06-28
1107.58,1093.7,1097.95,1098.0,2019-07-01
1111.77,1098.17,1111.25,1102.24,2019-07-02
1126.76,1113.86,1121.58,1117.41,2019-07-03
1132.88,1116.14,1131.59,1117.8,2019-07-05
1125.98,1111.21,1116.35,1125.17,2019-07-08
1128.03,1107.17,1124.83,1111.8,2019-07-09
1142.05,1130.97,1140.48,1131.22,2019-07-10
1153.07,1139.58,1144.21,1143.25,2019-07-11
1147.34,1138.78,1144.9,1143.99,2019-07-12
1150.82,1139.4,1150.34,1146.86,2019-07-15
1158.58,1145.0,1153.58,1146.0,2019-07-16
1158.36,1145.77,1146.35,1150.97,2019-07-17
1147.61,1132.73,1146.33,1141.74,2019-07-18
1151.14,1129.62,1130.1,1148.19,2019-07-19
1139.25,1124.24,1138.07,1133.45,2019-07-22
1146.9,1131.8,1146.21,1144.0,2019-07-23
1144.0,1126.99,1137.81,1131.9,2019-07-24
1141.7,1120.92,1132.12,1137.82,2019-07-25
1265.55,1224.0,1250.41,1224.04,2019-07-26
1247.37,1228.23,1239.41,1241.05,2019-07-29
1234.87,1223.3,1225.14,1225.41,2019-07-30
1234.0,1207.76,1216.68,1223.0,2019-07-31
1234.11,1205.72,1209.01,1214.03,2019-08-01
1206.9,1188.94,1193.99,1200.74,2019-08-02
1175.24,1140.14,1152.32,1170.04,2019-08-05
1179.96,1160.0,1169.95,1163.31,2019-08-06
1178.45,1149.62,1173.99,1156.0,2019-08-07
1205.01,1173.02,1204.8,1182.83,2019-08-08
1203.88,1183.6,1188.01,1197.99,2019-08-09
1184.96,1167.67,1174.71,1179.21,2019-08-12
1204.78,1171.46,1197.27,1171.46,2019-08-13
1182.3,1160.54,1164.29,1176.31,2019-08-14
1175.84,1162.11,1167.26,1163.5,2019-08-15
1182.72,1171.81,1177.6,1179.55,2019-08-16
1206.99,1190.09,1198.45,1190.09,2019-08-19
1196.06,1182.11,1182.69,1195.25,2019-08-20
1199.0,1187.43,1191.25,1193.15,2019-08-21
1198.01,1178.58,1189.53,1194.07,2019-08-22
1194.08,1147.75,1151.29,1181.99,2019-08-23
1169.47,1152.96,1168.89,1157.26,2019-08-26
1182.4,1161.45,1167.84,1180.53,2019-08-27
1176.42,1157.3,1171.02,1161.71,2019-08-28
1196.06,1181.12,1192.85,1181.12,2019-08-29
1198.5,1183.8,1188.1,1198.5,2019-08-30
1186.89,1163.2,1168.39,1177.03,2019-09-03
1183.48,1171.0,1181.41,1176.71,2019-09-04
1213.04,1191.53,1211.38,1191.53,2019-09-05
1212.02,1202.52,1204.93,1208.13,2019-09-06
1220.0,1192.62,1204.41,1204.0,2019-09-09
1210.0,1194.58,1206.0,1195.15,2019-09-10
1222.6,1202.2,1220.17,1203.41,2019-09-11
1241.86,1223.02,1234.25,1224.3,2019-09-12
1240.88,1227.01,1239.56,1231.35,2019-09-13
1239.56,1225.61,1231.3,1229.52,2019-09-16
1235.0,1223.69,1229.15,1230.4,2019-09-17
1235.61,1216.53,1232.41,1227.51,2019-09-18
1244.44,1232.02,1238.71,1232.06,2019-09-19
1243.32,1223.08,1229.93,1233.12,2019-09-20
1239.09,1224.17,1234.03,1226.0,2019-09-23
1246.74,1210.68,1218.76,1240.0,2019-09-24
1248.3,1210.09,1246.52,1215.82,2019-09-25
1245.0,1232.27,1241.39,1241.96,2019-09-26
1244.02,1214.45,1225.09,1243.01,2019-09-27
1226.0,1212.3,1219.0,1220.97,2019-09-30
1231.23,1203.58,1205.1,1219.0,2019-10-01
1196.99,1171.29,1176.63,1196.98,2019-10-02
1189.06,1162.43,1187.83,1180.0,2019-10-03
1211.44,1189.17,1209.0,1191.89,2019-10-04
1218.2,1203.75,1207.68,1204.4,2019-10-07
1206.08,1189.01,1189.13,1197.59,2019-10-08
1208.35,1197.63,1202.31,1199.35,2019-10-09
1215.0,1197.34,1208.67,1198.58,2019-10-10
1228.39,1213.74,1215.45,1222.21,2019-10-11
1226.33,1211.76,1217.14,1212.34,2019-10-14
1247.33,1220.4,1243.01,1220.4,2019-10-15
1254.74,1238.45,1243.64,1241.17,2019-10-16
1263.33,1249.94,1253.07,1250.93,2019-10-17
1258.89,1241.08,1245.49,1253.46,2019-10-18
1254.63,1240.6,1246.15,1252.26,2019-10-21
1250.6,1241.38,1242.8,1247.85,2019-10-22
1259.89,1242.36,1259.13,1242.36,2019-10-23
1264.0,1253.71,1260.99,1260.9,2019-10-24
1269.6,1250.01,1265.13,1251.03,2019-10-25
1299.31,1272.54,1290.0,1275.45,2019-10-28
1281.59,1257.21,1262.62,1276.23,2019-10-29
1269.36,1252.0,1261.29,1252.97,2019-10-30
1267.67,1250.84,1260.11,1261.28,2019-10-31
1274.62,1260.5,1273.74,1265.0,2019-11-01
1294.13,1276.36,1291.37,1276.45,2019-11-04
1298.93,1291.23,1292.03,1292.89,2019-11-05
1293.73,1282.5,1291.8,1289.46,2019-11-06
1323.74,1294.24,1308.86,1294.28,2019-11-07
1318.0,1304.37,1311.37,1305.28,2019-11-08
1306.42,1297.41,1299.19,1303.18,2019-11-11
1310.0,1295.77,1298.8,1300.0,2019-11-12
1304.3,1293.51,1298.0,1294.07,2019-11-13
1317.0,1295.65,1311.46,1297.5,2019-11-14
1334.88,1314.28,1334.87,1318.94,2019-11-15
1335.53,1317.5,1320.7,1332.22,2019-11-18
1327.7,1312.8,1315.46,1327.7,2019-11-19
1315.0,1291.15,1303.05,1311.74,2019-11-20
1312.59,1293.0,1301.35,1301.48,2019-11-21
1308.73,1291.41,1295.34,1305.62,2019-11-22
1311.31,1298.13,1306.69,1299.18,2019-11-25
1314.8,1305.09,1313.55,1309.86,2019-11-26
1318.36,1309.63,1312.99,1315.0,2019-11-27
1310.2,1303.97,1304.96,1307.12,2019-11-29
1305.83,1281.0,1289.92,1301.0,2019-12-02
1298.46,1279.0,1295.28,1279.57,2019-12-03
1325.8,1304.87,1320.54,1307.01,2019-12-04
1329.36,1316.44,1328.13,1328.0,2019-12-05
1344.0,1333.44,1340.62,1333.44,2019-12-06
1359.45,1337.84,1343.56,1338.04,2019-12-09
1349.97,1336.04,1344.66,1341.5,2019-12-10
1351.2,1342.67,1345.02,1350.84,2019-12-11
1355.78,1340.5,1350.27,1345.94,2019-12-12
1353.09,1343.87,1347.83,1347.95,2019-12-13
1364.68,1352.67,1361.17,1356.5,2019-12-16
1365.0,1351.32,1355.12,1362.89,2019-12-17
1360.47,1351.0,1352.62,1356.6,2019-12-18
1358.1,1348.98,1356.04,1351.82,2019-12-19
1363.64,1349.0,1349.59,1363.35,2019-12-20
1359.8,1346.51,1348.84,1355.87,2019-12-23
1350.26,1342.78,1343.56,1348.5,2019-12-24
1361.33,1344.47,1360.4,1346.17,2019-12-26
1364.53,1349.31,1351.89,1362.99,2019-12-27
1353.0,1334.02,1336.14,1350.0,2019-12-30
1338.0,1329.09,1337.02,1330.11,2019-12-31
1368.14,1341.55,1367.37,1341.55,2020-01-02
1372.5,1345.54,1360.66,1347.86,2020-01-03
1396.5,1350.0,1394.21,1350.0,2020-01-06
1402.99,1390.38,1393.34,1397.94,2020-01-07
1411.58,1390.84,1404.32,1392.08,2020-01-08
1427.33,1410.27,1419.83,1420.57,2020-01-09
1434.93,1418.35,1429.73,1427.56,2020-01-10
1440.52,1426.02,1439.23,1436.13,2020-01-13
1441.8,1428.37,1430.88,1439.01,2020-01-14
1441.39,1430.21,1439.2,1430.21,2020-01-15
1451.99,1440.92,1451.7,1447.44,2020-01-16
1481.3,1458.22,1480.39,1462.91,2020-01-17
1491.85,1471.2,1484.4,1479.12,2020-01-21
1503.21,1484.93,1485.95,1491.0,2020-01-22
1495.52,1482.1,1486.65,1487.64,2020-01-23
1495.49,1465.25,1466.71,1493.59,2020-01-24
1438.07,1421.2,1433.9,1431.0,2020-01-27
1456.0,1432.47,1452.56,1443.0,2020-01-28
1465.43,1446.74,1458.63,1458.8,2020-01-29
1457.28,1436.4,1455.84,1439.96,2020-01-30
1470.13,1428.53,1434.23,1468.9,2020-01-31
1490.0,1458.99,1485.94,1462.0,2020-02-03
1469.5,1426.3,1447.07,1457.07,2020-02-04
1463.84,1430.56,1448.23,1462.42,2020-02-05
1482.0,1449.57,1476.23,1450.33,2020-02-06
1485.84,1466.35,1479.23,1467.3,2020-02-07
1509.5,1474.32,1508.68,1474.32,2020-02-10
1529.63,1505.64,1508.79,1511.81,2020-02-11
1520.69,1508.11,1518.27,1514.48,2020-02-12
1527.18,1504.6,1514.66,1512.69,2020-02-13
1520.74,1507.34,1520.74,1515.6,2020-02-14
1531.63,1512.59,1519.67,1515.0,2020-02-18
1532.11,1521.4,1526.69,1525.07,2020-02-19
1529.64,1506.82,1518.15,1522.0,2020-02-20
1512.21,1480.44,1485.11,1508.03,2020-02-21
1436.97,1411.39,1421.59,1426.11,2020-02-24
1438.14,1382.4,1388.45,1433.0,2020-02-25
1415.7,1379.0,1393.18,1396.14,2020-02-26
1371.7,1317.17,1318.09,1362.06,2020-02-27
1341.14,1271.0,1339.33,1277.5,2020-02-28
1390.87,1326.82,1389.11,1351.61,2020-03-02
1410.15,1332.0,1341.39,1399.42,2020-03-03
1388.09,1343.11,1386.52,1359.23,2020-03-04
1358.91,1305.1,1319.04,1350.2,2020-03-05
1306.22,1261.05,1298.41,1277.06,2020-03-06
1254.76,1200.0,1215.56,1205.3,2020-03-09
1281.15,1218.77,1280.39,1260.0,2020-03-10
1260.96,1196.07,1215.41,1249.7,2020-03-11
1193.87,1113.3,1114.91,1126.0,2020-03-12
1219.76,1117.14,1219.73,1179.0,2020-03-13
1152.27,1074.44,1084.33,1096.0,2020-03-16
1130.86,1056.01,1119.8,1093.11,2020-03-17
1106.5,1037.28,1096.8,1056.51,2020-03-18
1157.97,1060.11,1115.29,1093.05,2020-03-19
1143.99,1065.49,1072.32,1135.72,2020-03-20
1071.32,1013.54,1056.62,1061.32,2020-03-23
1135.0,1090.62,1134.46,1103.77,2020-03-24
1148.9,1086.01,1102.49,1126.47,2020-03-25
1169.97,1093.53,1161.75,1111.8,2020-03-26
1150.67,1105.91,1110.71,1125.67,2020-03-27
1151.63,1096.48,1146.82,1125.04,2020-03-30
1175.31,1138.14,1162.81,1147.3,2020-03-31
1129.69,1097.45,1105.62,1122.0,2020-04-01
1126.86,1096.4,1120.84,1098.26,2020-04-02
1123.54,1079.81,1097.88,1119.02,2020-04-03
1194.66,1130.94,1186.92,1138.0,2020-04-06
1225.0,1182.23,1186.51,1221.0,2020-04-07
1219.07,1188.16,1210.28,1206.5,2020-04-08
1225.57,1196.74,1211.45,1224.08,2020-04-09
1220.51,1187.6,1217.56,1209.18,2020-04-13
1282.07,1236.93,1269.23,1245.09,2020-04-14
1280.46,1240.4,1262.47,1245.61,2020-04-15
1279.0,1242.62,1263.47,1274.1,2020-04-16
1294.43,1271.23,1283.25,1284.85,2020-04-17
1281.6,1261.37,1266.61,1271.0,2020-04-20
1254.27,1209.71,1216.34,1247.0,2020-04-21
1285.61,1242.0,1263.21,1245.54,2020-04-22
1293.31,1265.67,1276.31,1271.55,2020-04-23
1280.4,1249.45,1279.31,1261.17,2020-04-24
1296.15,1269.0,1275.88,1296.0,2020-04-27
1288.05,1232.2,1233.67,1287.93,2020-04-28
1359.99,1325.34,1341.48,1341.46,2020-04-29
1352.82,1322.49,1348.66,1324.88,2020-04-30
1352.07,1311.0,1320.61,1328.5,2020-05-01
1327.66,1299.0,1326.8,1308.23,2020-05-04
1373.94,1337.46,1351.11,1337.92,2020-05-05
1371.12,1347.29,1347.3,1361.69,2020-05-06
1377.6,1355.27,1372.56,1365.94,2020-05-07
1398.76,1375.48,1388.37,1383.13,2020-05-08
1416.53,1377.15,1403.26,1378.28,2020-05-11
1415.0,1374.77,1375.74,1407.12,2020-05-12
1385.48,1328.4,1349.33,1377.05,2020-05-13
1357.42,1323.91,1356.13,1335.02,2020-05-14
1374.48,1339.0,1373.19,1350.0,2020-05-15
1392.33,1354.25,1383.94,1361.75,2020-05-18
1392.0,1373.48,1373.48,1387.0,2020-05-19
1410.42,1387.25,1406.72,1389.58,2020-05-20
1415.49,1393.45,1402.8,1408.0,2020-05-21
1412.76,1391.83,1410.42,1396.71,2020-05-22
1441.0,1412.13,1417.02,1437.27,2020-05-26
1421.74,1391.29,1417.84,1417.25,2020-05-27
1440.84,1396.0,1416.73,1396.86,2020-05-28
1432.57,1413.35,1428.92,1416.94,2020-05-29
1437.96,1418.0,1431.82,1418.39,2020-06-01
1439.61,1418.83,1439.22,1430.55,2020-06-02
1446.55,1429.78,1436.38,1438.3,2020-06-03
1438.96,1404.73,1412.18,1430.4,2020-06-04
1445.05,1406.0,1438.39,1413.17,2020-06-05
1447.99,1422.34,1446.61,1422.34,2020-06-08
1468.0,1443.21,1456.16,1445.36,2020-06-09
1474.26,1456.27,1465.85,1459.54,2020-06-10
1454.47,1402.0,1403.84,1442.48,2020-06-11
1437.0,1386.02,1413.18,1428.49,2020-06-12
1424.8,1387.92,1419.85,1390.8,2020-06-15
1455.02,1425.9,1442.72,1445.22,2020-06-16
1460.0,1431.38,1451.12,1447.16,2020-06-17
1451.41,1427.01,1435.96,1449.16,2020-06-18
1447.8,1421.35,1431.72,1444.0,2020-06-19
1452.75,1423.21,1451.86,1429.0,2020-06-22
1475.94,1445.24,1464.41,1455.64,2020-06-23
1475.42,1429.75,1431.97,1461.51,2020-06-24
1442.9,1420.0,1441.33,1429.9,2020-06-25
1433.45,1351.99,1359.9,1431.39,2020-06-26
1395.6,1347.01,1394.97,1358.18,2020-06-29
1418.65,1383.96,1413.61,1390.44,2020-06-30
1443.0,1409.82,1438.04,1411.1,2020-07-01
1482.95,1446.42,1464.7,1446.94,2020-07-02
1506.59,1472.86,1495.7,1480.06,2020-07-06
1516.8,1483.55,1485.18,1490.0,2020-07-07
1505.88,1485.63,1496.0,1494.32,2020-07-08
1522.72,1488.08,1510.99,1506.45,2020-07-09
1543.83,1496.54,1541.74,1506.15,2020-07-10
1577.13,1505.24,1511.34,1550.0,2020-07-13
1522.95,1483.5,1520.58,1490.31,2020-07-14
1535.33,1498.0,1513.64,1523.13,2020-07-15
1518.69,1486.31,1518.0,1500.0,2020-07-16
1523.44,1498.42,1515.55,1521.62,2020-07-17
1570.29,1503.6,1565.72,1515.26,2020-07-20
1586.99,1554.28,1558.42,1586.99,2020-07-21
1570.0,1546.1,1568.49,1560.5,2020-07-22
1571.87,1507.3918,1515.68,1566.97,2020-07-23
1517.6362,1488.4,1511.87,1498.93,2020-07-24
1540.97,1515.21,1530.2,1515.6,2020-07-27
1526.48,1497.66,1500.34,1525.18,2020-07-28
1531.2522,1501.33,1522.02,1506.32,2020-07-29
1537.87,1492.22,1531.45,1497.0,2020-07-30
1508.95,1454.03,1482.96,1505.01,2020-07-31
1490.47,1465.64,1474.45,1486.64,2020-08-03
1485.56,1458.65,1464.97,1476.57,2020-08-04
1482.41,1463.46,1473.61,1469.3,2020-08-05
1502.39,1466.0,1500.1,1471.75,2020-08-06
1516.845,1481.64,1494.49,1500.0,2020-08-07
1504.075,1473.08,1496.1,1487.18,2020-08-10
1510.0,1478.0,1480.32,1492.44,2020-08-11
1512.3859,1485.25,1506.62,1485.58,2020-08-12
1537.25,1508.005,1518.45,1510.34,2020-08-13
1521.9,1502.88,1507.73,1515.66,2020-08-14
1525.61,1507.97,1517.98,1514.67,2020-08-17
1562.47,1523.71,1558.6,1526.18,2020-08-18
1573.68,1543.95,1547.53,1553.31,2020-08-19
1585.87,1538.2,1581.75,1543.45,2020-08-20
1597.72,1568.005,1580.42,1577.03,2020-08-21
1614.17,1580.57,1588.2,1593.98,2020-08-24
1611.62,1582.07,1608.22,1582.07,2020-08-25
1659.22,1603.6,1652.38,1608.0,2020-08-26
1655.0,1625.75,1634.33,1653.68,2020-08-27
1647.1699,1630.75,1644.41,1633.49,2020-08-28
1647.965,1630.31,1634.18,1647.89,2020-08-31
1665.73,1632.22,1660.71,1636.63,2020-09-01
1733.1799,1666.3301,1728.28,1673.7754,2020-09-02
1709.7143,1615.06,1641.84,1709.7143,2020-09-03
1645.11,1547.6125,1591.04,1624.26,2020-09-04
1563.865,1528.01,1532.39,1533.51,2020-09-08
1569.0,1536.0511,1556.96,1557.53,2020-09-09
1584.081,1525.805,1532.02,1560.64,2020-09-10
1575.2,1497.36,1520.72,1536.0,2020-09-11
1563.9999,1515.74,1519.28,1539.005,2020-09-14
1559.57,1531.835,1541.44,1536.0,2020-09-15
1562.0,1519.82,1520.9,1555.54,2020-09-16
1508.2984,1470.0001,1495.53,1496.0,2020-09-17
1503.0032,1437.13,1459.99,1498.01,2020-09-18
1448.36,1406.55,1431.16,1440.06,2020-09-21
1469.52,1434.53,1465.46,1450.09,2020-09-22
1460.96,1407.7,1415.21,1458.78,2020-09-23
1443.7088,1409.85,1428.29,1411.03,2020-09-24
1450.0,1413.34,1444.96,1432.63,2020-09-25
1476.8,1449.3012,1464.52,1474.21,2020-09-28
1476.6632,1458.805,1469.33,1470.39,2020-09-29
1489.75,1459.88,1469.6,1466.8,2020-09-30
1499.04,1479.21,1490.09,1484.27,2020-10-01
1483.2,1450.92,1458.42,1462.03,2020-10-02
1488.21,1464.27,1486.02,1466.21,2020-10-05
1486.76,1448.5901,1453.44,1475.58,2020-10-06
1468.96,1436.0,1460.29,1464.29,2020-10-07
1490.0,1465.09,1485.93,1465.09,2020-10-08
1516.52,1489.45,1515.22,1494.7,2020-10-09
1593.86,1532.57,1569.15,1543.0,2020-10-12
1590.0,1563.2,1571.68,1583.73,2020-10-13
1587.6841,1550.53,1568.08,1578.59,2020-10-14
1575.105,1545.03,1559.13,1547.15,2020-10-15
1581.13,1563.0,1573.01,1565.85,2020-10-16
1588.15,1528.0,1534.61,1580.46,2020-10-19
1577.5,1525.67,1555.93,1527.05,2020-10-20
1618.73,1571.6301,1593.31,1573.33,2020-10-21
1621.99,1585.0,1615.33,1593.05,2020-10-22
1642.36,1620.51,1641.0,1626.07,2020-10-23
1638.24,1576.5,1590.45,1625.01,2020-10-26
1606.845,1582.78,1604.26,1595.67,2020-10-27
1561.35,1514.62,1516.62,1559.74,2020-10-28
1593.71,1522.24,1567.24,1522.36,2020-10-29
1687.0,1604.46,1621.01,1672.11,2020-10-30
1660.77,1616.03,1626.03,1628.16,2020-11-02
1661.7,1616.6201,1650.21,1631.78,2020-11-03
1771.365,1706.0301,1749.13,1710.28,2020-11-04
1793.64,1750.51,1763.37,1781.0,2020-11-05
1772.43,1740.35,1761.75,1753.95,2020-11-06
1818.06,1760.02,1763.0,1790.9,2020-11-09
1763.0,1717.3,1740.39,1731.09,2020-11-10
1764.22,1747.365,1752.71,1750.0,2020-11-11
1768.27,1745.6,1749.84,1747.63,2020-11-12
1781.04,1744.55,1777.02,1757.63,2020-11-13
1799.07,1767.69,1781.38,1771.7,2020-11-16
1785.0,1767.0,1770.15,1776.94,2020-11-17
1773.47,1746.14,1746.78,1765.23,2020-11-18
1769.5897,1737.005,1763.92,1738.38,2020-11-19
1774.0,1741.86,1742.19,1765.21,2020-11-20
1753.9,1717.72,1734.86,1749.6,2020-11-23
1771.6,1727.69,1768.88,1730.5,2020-11-24
1778.54,1756.54,1771.43,1772.89,2020-11-25
1804.0,1772.44,1793.19,1773.09,2020-11-27
1788.065,1755.0,1760.74,1781.1844,2020-11-30
1824.83,1769.37,1798.1,1774.37,2020-12-01
1835.65,1789.4725,1827.95,1798.1,2020-12-02
1847.2,1822.65,1826.77,1824.01,2020-12-03
1833.16,1816.99,1827.99,1824.52,2020-12-04
1832.37,1805.78,1819.48,1819.0,2020-12-07
1821.9,1796.2047,1818.55,1810.1,2020-12-08
1834.27,1767.81,1784.13,1812.01,2020-12-09
1781.31,1740.32,1775.33,1769.8,2020-12-10
1784.45,1760.0,1781.77,1763.06,2020-12-11
1797.39,1757.215,1760.06,1775.0,2020-12-14
1771.42,1749.95,1767.77,1764.42,2020-12-15
1773.0,1756.08,1763.0,1772.88,2020-12-16
1771.7836,1738.66,1747.9,1768.51,2020-12-17
1755.11,1720.22,1731.01,1754.18,2020-12-18
1740.85,1699.0,1739.37,1713.51,2020-12-21
1737.405,1712.575,1723.5,1734.43,2020-12-22
1747.99,1725.04,1732.38,1728.11,2020-12-23
1746.0,1729.11,1738.85,1735.0,2020-12-24
1790.7276,1746.335,1776.09,1751.635,2020-12-28
1792.44,1756.09,1758.72,1787.79,2020-12-29
1765.095,1725.6,1739.52,1762.01,2020-12-30
1758.93,1735.42,1751.88,1735.42,2020-12-31
1760.65,1707.85,1728.24,1757.54,2021-01-04
1747.67,1718.015,1740.92,1725.0,2021-01-05
1748.0,1699.0,1735.29,1702.63,2021-01-06
1788.4,1737.05,1787.25,1740.06,2021-01-07
1809.84,1773.535,1807.21,1787.98,2021-01-08
1794.315,1760.5201,1766.72,1786.07,2021-01-11
1778.04,1725.31,1746.55,1753.92,2021-01-12
1765.035,1738.01,1754.4,1738.58,2021-01-13
1775.01,1733.4,1740.18,1753.62,2021-01-14
1756.0,1721.55,1736.19,1738.19,2021-01-15
